# commit	kind	before	after	paragraph before	paragraph after
4aa3243ed096	grammar-inflection	iteration	iterator	For this example, we’ll use the `filter` method that takes a closure. The closure gets an item from the iterator and returns a `bool`. If the closure returns `true`, the value will be included in the iteration produced by `filter`. If the closure returns `false`, the value won’t be included.	For this example, we’ll use the `filter` method that takes a closure. The closure gets an item from the iterator and returns a `bool`. If the closure returns `true`, the value will be included in the iterator produced by `filter`. If the closure returns `false`, the value won’t be included.
a0031105118b	grammar-function-word		of	Back in Listing 17-13, we used the `trpl::join!` macro to await three futures. However, it’s common to have a collection such as a vector containing some number futures that won’t be known until runtime. Let’s change Listing 17-13 to the code in Listing 17-23 that puts the three futures into a vector and calls the `trpl::join_all` function instead, which won’t compile yet.	Back in Listing 17-13, we used the `trpl::join!` macro to await three futures. However, it’s common to have a collection such as a vector containing some number of futures that won’t be known until runtime. Let’s change Listing 17-13 to the code in Listing 17-23 that puts the three futures into a vector and calls the `trpl::join_all` function instead, which won’t compile yet.
ccecf767ff86	grammar-inflection	Finishing	Finish	In the section [Waiting for All Threads to Finishing Using `join` Handles][join-handles]<!-- ignore -->, we showed how to use the `join` method on the `JoinHandle` type returned when you call `std::thread::spawn`. The `trpl::join` function is similar, but for futures. When you give it two futures, it produces a single new future whose output is a tuple containing the output of each future you passed in once they _both_ complete. Thus, in Listing 17-8, we use `trpl::join` to wait for both `fut1` and `fut2` to finish. We do _not_ await `fut1` and `fut2` but instead the new future produced by `trpl::join`. We ignore the output, because it’s just a tuple containing two unit values.	In the section [Waiting for All Threads to Finish Using `join` Handles][join-handles]<!-- ignore -->, we showed how to use the `join` method on the `JoinHandle` type returned when you call `std::thread::spawn`. The `trpl::join` function is similar, but for futures. When you give it two futures, it produces a single new future whose output is a tuple containing the output of each future you passed in once they _both_ complete. Thus, in Listing 17-8, we use `trpl::join` to wait for both `fut1` and `fut2` to finish. We do _not_ await `fut1` and `fut2` but instead the new future produced by `trpl::join`. We ignore the output, because it’s just a tuple containing two unit values.
05f17f0d4385	grammar-function-word		the	The program still never exits, though, because of the way `while let` loop interacts with `trpl::join`:	The program still never exits, though, because of the way the `while let` loop interacts with `trpl::join`:
05f17f0d4385	grammar-inflection	show	shown	To check all the futures in some collection, we’ll need to iterate over and join on _all_ of them. The `trpl::join_all` function accepts any type that implements the `Iterator` trait, which you learned about back in [The Iterator Trait and the `next` Method][iterator-trait]<!-- ignore --> Chapter 13, so it seems like just the ticket. Let’s try putting our futures in a vector and replacing `join!` with `join_all` as show in Listing 17-15.	To check all the futures in some collection, we’ll need to iterate over and join on _all_ of them. The `trpl::join_all` function accepts any type that implements the `Iterator` trait, which you learned about back in [The Iterator Trait and the `next` Method][iterator-trait]<!-- ignore --> Chapter 13, so it seems like just the ticket. Let’s try putting our futures in a vector and replacing `join!` with `join_all` as shown in Listing 17-15.
ba1646de18cd	grammar-function-word	we		That’s a lot to absorb! To really understand it, let’s we dive a little further into how the `Future` trait actually works, in particular around _pinning_.	That’s a lot to absorb! To really understand it, let’s dive a little further into how the `Future` trait actually works, in particular around _pinning_.
ba1646de18cd	grammar-function-word	is		The `cx` parameter and its `Context` type are the key to how a runtime actually knows when to check any given future while still being lazy. Again, the details of how that works are beyond the scope of this chapter, and you generally only need to think about this when writing a custom `Future` implementation. We’ll focus instead on the type for `self`, as this is the first time we’ve seen a method where `self` has a type annotation. A type annotation for `self` is works like type annotations for other function parameters, but with two key differences:	The `cx` parameter and its `Context` type are the key to how a runtime actually knows when to check any given future while still being lazy. Again, the details of how that works are beyond the scope of this chapter, and you generally only need to think about this when writing a custom `Future` implementation. We’ll focus instead on the type for `self`, as this is the first time we’ve seen a method where `self` has a type annotation. A type annotation for `self` works like type annotations for other function parameters, but with two key differences:
c7e7f8fa1367	grammar-function-word	its	it	When writing unsafe code, you might want to check that what you have written actually is safe and correct. One of the best ways to do that is to use [Miri][miri], an official Rust tool for detecting undefined behavior. Whereas the borrow checker is a *static* tool which works at compile time, Miri is a *dynamic* tool which works at runtime. It checks your code by running your program, or its test suite, and detecting when you violate the rules its understands about how Rust should work.	When writing unsafe code, you might want to check that what you have written actually is safe and correct. One of the best ways to do that is to use [Miri][miri], an official Rust tool for detecting undefined behavior. Whereas the borrow checker is a *static* tool which works at compile time, Miri is a *dynamic* tool which works at runtime. It checks your code by running your program, or its test suite, and detecting when you violate the rules it understands about how Rust should work.
3acd2768bea2	grammar-function-word	it		Just as with `Send` and `Sync`, the compiler implements `Unpin` automatically for all types where it can prove it is safe. The special case, again similar to `Send` and `Sync`, is the case where `Unpin` is *not* implemented for a type. The notation for this is `impl !Unpin for SomeType`, where `SomeType` is the name of a type which *does* need to uphold those guarantees to be safe whenever a pointer to that type it is used in a `Pin`.	Just as with `Send` and `Sync`, the compiler implements `Unpin` automatically for all types where it can prove it is safe. The special case, again similar to `Send` and `Sync`, is the case where `Unpin` is *not* implemented for a type. The notation for this is `impl !Unpin for SomeType`, where `SomeType` is the name of a type which *does* need to uphold those guarantees to be safe whenever a pointer to that type is used in a `Pin`.
b265249e480d	spelling	taks	task	Here, you will see the exact same order every time, which is very different from what we saw with threads. That is because the `trpl::join` function is *fair*, meaning it checks each future equally often, alternating between them, and never lets one race ahead if the other is ready. With threads, the operating system decides which thread to check and how long to let it run. With async Rust, the runtime decides which taks to check. (In practice, the details get complicated because an async runtime might use operating system threads under the hood as part of how it manages concurrency, so guaranteeing fairness can be more work for a runtime—but it is still possible!) Runtimes do not have to guarantee fairness for any given operation, and runtimes often offer different APIs to let you choose whether you want fairness or not.	Here, you will see the exact same order every time, which is very different from what we saw with threads. That is because the `trpl::join` function is *fair*, meaning it checks each future equally often, alternating between them, and never lets one race ahead if the other is ready. With threads, the operating system decides which thread to check and how long to let it run. With async Rust, the runtime decides which task to check. (In practice, the details get complicated because an async runtime might use operating system threads under the hood as part of how it manages concurrency, so guaranteeing fairness can be more work for a runtime—but it is still possible!) Runtimes do not have to guarantee fairness for any given operation, and runtimes often offer different APIs to let you choose whether you want fairness or not.
ccafd066cb6c	spelling	sysem	system	The video export will use as much CPU and GPU power as it can. If you only had one CPU core, and your operating system never paused that export until it completed, you could not do anything else on your computer while it was running. That would be a pretty frustrating experience, though. Instead, your computer’s operating sysem can—and does!—invisibly interrupt the export often enough to let you get other work done along the way.	The video export will use as much CPU and GPU power as it can. If you only had one CPU core, and your operating system never paused that export until it completed, you could not do anything else on your computer while it was running. That would be a pretty frustrating experience, though. Instead, your computer’s operating system can—and does!—invisibly interrupt the export often enough to let you get other work done along the way.
45f163588d17	spelling	eaach	each	The `a` future still runs for a bit before handing off control to `b`, because it calls `slow` before ever calling `trpl::sleep`, but after that the futures swap back and forth eaach time one of them hits an await point. In this case, we have done that after every call to `slow`, but we could break up the work however makes the most sense to us.	The `a` future still runs for a bit before handing off control to `b`, because it calls `slow` before ever calling `trpl::sleep`, but after that the futures swap back and forth each time one of them hits an await point. In this case, we have done that after every call to `slow`, but we could break up the work however makes the most sense to us.
58fff3cc4864	spelling	htypes.	types.	We can use `trpl::join!` to await them, because it allows you to pass in multiple future types and produces a tuple of those htypes. We *cannot* use `trpl::join_all`, because it requires the futures passed in all to have the same type. (Remember, that error is what got us started on this adventure with `Pin`!)	We can use `trpl::join!` to await them, because it allows you to pass in multiple future types and produces a tuple of those types. We *cannot* use `trpl::join_all`, because it requires the futures passed in all to have the same type. (Remember, that error is what got us started on this adventure with `Pin`!)
ee832a084970	grammar-inflection	holds	hold	For example, say we want to get values from a row in a spreadsheet in which some of the columns in the row contain integers, some floating-point numbers, and some strings. We can define an enum whose variants will hold the different value types, and all the enum variants will be considered the same type: that of the enum. Then we can create a vector to hold that enum and so, ultimately, holds different types. We’ve demonstrated this in Listing 8-9.	For example, say we want to get values from a row in a spreadsheet in which some of the columns in the row contain integers, some floating-point numbers, and some strings. We can define an enum whose variants will hold the different value types, and all the enum variants will be considered the same type: that of the enum. Then we can create a vector to hold that enum and so, ultimately, hold different types. We’ve demonstrated this in Listing 8-9.
1402554da88b	grammar-inflection	with	within	> #### Best Practices for Packages with a Binary and a Library > > We mentioned a package can contain both a *src/main.rs* binary crate root as > well as a *src/lib.rs* library crate root, and both crates will have the > package name by default. Typically, packages with this pattern of containing > both a library and a binary crate will have just enough code in the binary > crate to start an executable that calls code with the library crate. This > lets other projects benefit from most of the functionality that the package > provides, because the library crate’s code can be shared. > > The module tree should be defined in *src/lib.rs*. Then, any public items can > be used in the binary crate by starting paths with the name of the package. > The binary crate becomes a user of the library crate just like a completely > external crate would use the library crate: it can only use the public API. > This helps you design a good API; not only are you the author, you’re also a > client! > > In [Chapter 12][ch12]<!-- ignore -->, we’ll demonstrate this organizational > practice with a command-line program that will contain both a binary crate > and a library crate.	> #### Best Practices for Packages with a Binary and a Library > > We mentioned a package can contain both a *src/main.rs* binary crate root as > well as a *src/lib.rs* library crate root, and both crates will have the > package name by default. Typically, packages with this pattern of containing > both a library and a binary crate will have just enough code in the binary > crate to start an executable that calls code within the library crate. This > lets other projects benefit from most of the functionality that the package > provides, because the library crate’s code can be shared. > > The module tree should be defined in *src/lib.rs*. Then, any public items can > be used in the binary crate by starting paths with the name of the package. > The binary crate becomes a user of the library crate just like a completely > external crate would use the library crate: it can only use the public API. > This helps you design a good API; not only are you the author, you’re also a > client! > > In [Chapter 12][ch12]<!-- ignore -->, we’ll demonstrate this organizational > practice with a command-line program that will contain both a binary crate > and a library crate.
d7db5129d2c6	grammar-inflection	with	within	> #### Best Practices for Packages with a Binary and a Library > > We mentioned a package can contain both a *src/main.rs* binary crate root as > well as a *src/lib.rs* library crate root, and both crates will have the > package name by default. Typically, packages with this pattern of containing > both a library and a binary crate will have just enough code in the binary > crate to start an executable that calls code with the library crate. This > lets other projects benefit from the most functionality that the package > provides, because the library crate’s code can be shared. > > The module tree should be defined in *src/lib.rs*. Then, any public items can > be used in the binary crate by starting paths with the name of the package. > The binary crate becomes a user of the library crate just like a completely > external crate would use the library crate: it can only use the public API. > This helps you design a good API; not only are you the author, you’re also a > client! > > In [Chapter 12][ch12]<!-- ignore -->, we’ll demonstrate this organizational > practice with a command-line program that will contain both a binary crate > and a library crate.	> #### Best Practices for Packages with a Binary and a Library > > We mentioned a package can contain both a *src/main.rs* binary crate root as > well as a *src/lib.rs* library crate root, and both crates will have the > package name by default. Typically, packages with this pattern of containing > both a library and a binary crate will have just enough code in the binary > crate to start an executable that calls code within the library crate. This > lets other projects benefit from the most functionality that the package > provides, because the library crate’s code can be shared. > > The module tree should be defined in *src/lib.rs*. Then, any public items can > be used in the binary crate by starting paths with the name of the package. > The binary crate becomes a user of the library crate just like a completely > external crate would use the library crate: it can only use the public API. > This helps you design a good API; not only are you the author, you’re also a > client! > > In [Chapter 12][ch12]<!-- ignore -->, we’ll demonstrate this organizational > practice with a command-line program that will contain both a binary crate > and a library crate.
c06006157b14	grammar-function-word		of	Compared to a real-world program, the consequences creating a reference cycle in this example aren’t very dire: right after we create the reference cycle, the program ends. However, if a more complex program allocated lots of memory in a cycle and held onto it for a long time, the program would use more memory than it needed and might overwhelm the system, causing it to run out of available memory.	Compared to a real-world program, the consequences of creating a reference cycle in this example aren’t very dire: right after we create the reference cycle, the program ends. However, if a more complex program allocated lots of memory in a cycle and held onto it for a long time, the program would use more memory than it needed and might overwhelm the system, causing it to run out of available memory.
64a3622e459c	grammar-inflection	return	returns	Speaking of coins, let’s use them as an example using `match`! We can write a function that takes an unknown United States coin and, in a similar way as the counting machine, determines which coin it is and return its value in cents, as shown here in Listing 6-3.	Speaking of coins, let’s use them as an example using `match`! We can write a function that takes an unknown United States coin and, in a similar way as the counting machine, determines which coin it is and returns its value in cents, as shown here in Listing 6-3.
4ea9b2e0da7b	grammar-function-word		of	In some languages, for some types, the programmer must call code to free memory or resources every time they finish using an instance those types. Examples include file handles, sockets, or locks. If they forget, the system might become overloaded and crash. In Rust, you can specify that a particular bit of code be run whenever a value goes out of scope, and the compiler will insert this code automatically. As a result, you don’t need to be careful about placing cleanup code everywhere in a program that an instance of a particular type is finished with—you still won’t leak resources!	In some languages, for some types, the programmer must call code to free memory or resources every time they finish using an instance of those types. Examples include file handles, sockets, or locks. If they forget, the system might become overloaded and crash. In Rust, you can specify that a particular bit of code be run whenever a value goes out of scope, and the compiler will insert this code automatically. As a result, you don’t need to be careful about placing cleanup code everywhere in a program that an instance of a particular type is finished with—you still won’t leak resources!
057b0d338229	grammar-function-word	an		> #### Calling Rust Functions from Other Languages > > We can also use `extern` to create an interface that allows other languages > to call Rust functions. Instead of an creating a whole `extern` block, we add > the `extern` keyword and specify the ABI to use just before the `fn` keyword > for the relevant function. We also need to add a `#[no_mangle]` annotation to > tell the Rust compiler not to mangle the name of this function. *Mangling* is > when a compiler changes the name we’ve given a function to a different name > that contains more information for other parts of the compilation process to > consume but is less human readable. Every programming language compiler > mangles names slightly differently, so for a Rust function to be nameable by > other languages, we must disable the Rust compiler’s name mangling. > > In the following example, we make the `call_from_c` function accessible from > C code, after it’s compiled to a shared library and linked from C: > > ```rust > #[no_mangle] > pub extern "C" fn call_from_c() { >     println!("Just called a Rust function from C!"); > } > ``` > > This usage of `extern` does not require `unsafe`.	> #### Calling Rust Functions from Other Languages > > We can also use `extern` to create an interface that allows other languages > to call Rust functions. Instead of creating a whole `extern` block, we add > the `extern` keyword and specify the ABI to use just before the `fn` keyword > for the relevant function. We also need to add a `#[no_mangle]` annotation to > tell the Rust compiler not to mangle the name of this function. *Mangling* is > when a compiler changes the name we’ve given a function to a different name > that contains more information for other parts of the compilation process to > consume but is less human readable. Every programming language compiler > mangles names slightly differently, so for a Rust function to be nameable by > other languages, we must disable the Rust compiler’s name mangling. > > In the following example, we make the `call_from_c` function accessible from > C code, after it’s compiled to a shared library and linked from C: > > ```rust > #[no_mangle] > pub extern "C" fn call_from_c() { >     println!("Just called a Rust function from C!"); > } > ``` > > This usage of `extern` does not require `unsafe`.
3e5105b52f7e	grammar-function-word	the		To fix this problem, we’ll need a change in the the `ThreadPool` `drop` implementation and then a change in the `Worker` loop.	To fix this problem, we’ll need a change in the `ThreadPool` `drop` implementation and then a change in the `Worker` loop.
937784b8708c	spelling	disadvantange	disadvantage	> #### Why Not An Enum? > > You may have been wondering why we didn’t use an `enum` with the different > possible post states as variants. That’s certainly a possible solution, try > it and compare the end results to see which you prefer! One disadvantange of > using an enum is every place that checks the value of the enum will need a > `match` expression or similar to handle every possible variant. This could > get more repetitive than this trait object solution.	> #### Why Not An Enum? > > You may have been wondering why we didn’t use an `enum` with the different > possible post states as variants. That’s certainly a possible solution, try > it and compare the end results to see which you prefer! One disadvantage of > using an enum is every place that checks the value of the enum will need a > `match` expression or similar to handle every possible variant. This could > get more repetitive than this trait object solution.
b723bcd9ec97	spelling	droppend	dropped	Notice one interesting aspect of this particular execution: the `ThreadPool` droppend the `sender`, and before any worker received an error, we tried to join worker 0. Worker 0 had not yet gotten an error from `recv`, so the main thread blocked waiting for worker 0 to finish. In the meantime, worker 3 received a job and then all threads received an error. When worker 0 finished, the main thread waited for the rest of the workers to finish. At that point, they had all exited their loops and stopped.	Notice one interesting aspect of this particular execution: the `ThreadPool` dropped the `sender`, and before any worker received an error, we tried to join worker 0. Worker 0 had not yet gotten an error from `recv`, so the main thread blocked waiting for worker 0 to finish. In the meantime, worker 3 received a job and then all threads received an error. When worker 0 finished, the main thread waited for the rest of the workers to finish. At that point, they had all exited their loops and stopped.
d68d96576b70	grammar-function-word	or	and	`Result`’s variants are `Ok` or `Err`. The `Ok` variant indicates the operation was successful, and inside `Ok` is the successfully generated value. The `Err` variant means the operation failed, and `Err` contains information about how or why the operation failed.	`Result`’s variants are `Ok` and `Err`. The `Ok` variant indicates the operation was successful, and inside `Ok` is the successfully generated value. The `Err` variant means the operation failed, and `Err` contains information about how or why the operation failed.
d68d96576b70	grammar-function-word	or	and	We switch from an `expect` call to a `match` expression to move from crashing on an error to handling the error. Remember that `parse` returns a `Result` type and `Result` is an enum that has the variants `Ok` or `Err`. We’re using a `match` expression here, as we did with the `Ordering` result of the `cmp` method.	We switch from an `expect` call to a `match` expression to move from crashing on an error to handling the error. Remember that `parse` returns a `Result` type and `Result` is an enum that has the variants `Ok` and `Err`. We’re using a `match` expression here, as we did with the `Ordering` result of the `cmp` method.
912211a41111	grammar-function-word		a	*Deref coercion* is a convenience that Rust performs on arguments to functions and methods. Deref coercion works only on types that implement the `Deref` trait. Deref coercion converts reference to such a type into a reference to another type. For example, deref coercion can convert `&String` to `&str` because `String` implements the `Deref` trait such that it returns `&str`. Deref coercion happens automatically when we pass a reference to a particular type’s value as an argument to a function or method that doesn’t match the parameter type in the function or method definition. A sequence of calls to the `deref` method converts the type we provided into the type the parameter needs.	*Deref coercion* is a convenience that Rust performs on arguments to functions and methods. Deref coercion works only on types that implement the `Deref` trait. Deref coercion converts a reference to such a type into a reference to another type. For example, deref coercion can convert `&String` to `&str` because `String` implements the `Deref` trait such that it returns `&str`. Deref coercion happens automatically when we pass a reference to a particular type’s value as an argument to a function or method that doesn’t match the parameter type in the function or method definition. A sequence of calls to the `deref` method converts the type we provided into the type the parameter needs.
e5a583b4ec8b	spelling	possibilites	possibilities	As mentioned earlier, `read_line` puts whatever the user enters into the string we pass to it, but it also returns a value—in this case, an [`io::Result`][ioresult]<!-- ignore -->. Rust has a number of types named `Result` in its standard library: a generic [`Result`][result]<!-- ignore --> as well as specific versions for submodules, such as `io::Result`. The `Result` types are [*enumerations*][enums]<!-- ignore -->, often referred to as *enums*, which can have a fixed set of possibilites known as *variants*. Enums are often used with `match`, a conditional that makes it convenient to execute different code based on which variant an enum value is when the conditional is evaluated.	As mentioned earlier, `read_line` puts whatever the user enters into the string we pass to it, but it also returns a value—in this case, an [`io::Result`][ioresult]<!-- ignore -->. Rust has a number of types named `Result` in its standard library: a generic [`Result`][result]<!-- ignore --> as well as specific versions for submodules, such as `io::Result`. The `Result` types are [*enumerations*][enums]<!-- ignore -->, often referred to as *enums*, which can have a fixed set of possibilities known as *variants*. Enums are often used with `match`, a conditional that makes it convenient to execute different code based on which variant an enum value is when the conditional is evaluated.
e5a583b4ec8b	spelling	releaese.	release.	Cargo ignores the `0.9.0` releaese. At this point, you would also notice a change in your *Cargo.lock* file noting that the version of the `rand` crate you are now using is `0.8.4`. To use `rand` version `0.9.0` or any version in the `0.9.x` series, you’d have to update the *Cargo.toml* file to look like this instead:	Cargo ignores the `0.9.0` release. At this point, you would also notice a change in your *Cargo.lock* file noting that the version of the `rand` crate you are now using is `0.8.4`. To use `rand` version `0.9.0` or any version in the `0.9.x` series, you’d have to update the *Cargo.toml* file to look like this instead:
e5a583b4ec8b	spelling	speceified,	specified,	The core of the error states that there are *mismatched types*. Rust has a strong, static type system. However, it also has type inference. When we wrote `let mut guess = String::new()`, Rust was able to infer that `guess` should be a `String` and didn’t make us write the type. The `secret_number`, on the other hand, is a number type. A few of Rust’s number types can have a value between 1 and 100: `i32`, a 32-bit number; `u32`, an unsigned 32-bit number; `i64`, a 64-bit number; as well as others. Unless otherwise speceified, Rust defaults to an `i32`, which is the type of `secret_number` unless you add type information elsewhere that would cause Rust to infer a different numerical type. The reason for the error is that Rust cannot compare a string and a number type.	The core of the error states that there are *mismatched types*. Rust has a strong, static type system. However, it also has type inference. When we wrote `let mut guess = String::new()`, Rust was able to infer that `guess` should be a `String` and didn’t make us write the type. The `secret_number`, on the other hand, is a number type. A few of Rust’s number types can have a value between 1 and 100: `i32`, a 32-bit number; `u32`, an unsigned 32-bit number; `i64`, a 64-bit number; as well as others. Unless otherwise specified, Rust defaults to an `i32`, which is the type of `secret_number` unless you add type information elsewhere that would cause Rust to infer a different numerical type. The reason for the error is that Rust cannot compare a string and a number type.
4f7799e3b3f0	spelling	assignement;	assignment;	Note that the struct update syntax uses `=` like an assignement; this is because it moves the data, just as we saw in the [“Ways Variables and Data Interact: Move”][move]<!-- ignore --> section. In this example, we can no longer use `user1` after creating `user2` because the `String` in the `username` field of `user1` was moved into `user2`. If we had given `user2` new `String` values for both `email` and `username`, and thus only used the `active` and `sign_in_count` values from `user1`, then `user1` would still be valid after creating `user2`. The types of `active` and `sign_in_count` are types that implement the `Copy` trait, so the behavior we discussed in the [“Stack-Only Data: Copy”][copy]<!-- ignore --> section would apply.	Note that the struct update syntax uses `=` like an assignment; this is because it moves the data, just as we saw in the [“Ways Variables and Data Interact: Move”][move]<!-- ignore --> section. In this example, we can no longer use `user1` after creating `user2` because the `String` in the `username` field of `user1` was moved into `user2`. If we had given `user2` new `String` values for both `email` and `username`, and thus only used the `active` and `sign_in_count` values from `user1`, then `user1` would still be valid after creating `user2`. The types of `active` and `sign_in_count` are types that implement the `Copy` trait, so the behavior we discussed in the [“Stack-Only Data: Copy”][copy]<!-- ignore --> section would apply.
4b86611b0e63	grammar-inflection	make	makes	The safety and conciseness of `for` loops make them the most commonly used loop construct in Rust. Even in situations in which you want to run some code a certain number of times, as in the countdown example that used a `while` loop in Listing 3-3, most Rustaceans would use a `for` loop. The way to do that would be to use a `Range`, which is a type provided by the standard library that generates all numbers in sequence starting from one number and ending before another number.	The safety and conciseness of `for` loops makes them the most commonly used loop construct in Rust. Even in situations in which you want to run some code a certain number of times, as in the countdown example that used a `while` loop in Listing 3-3, most Rustaceans would use a `for` loop. The way to do that would be to use a `Range`, which is a type provided by the standard library that generates all numbers in sequence starting from one number and ending before another number.
2873cc976295	grammar-function-word	of		The `Result<..., Error>` is repeated a lot. As such, `std::io` has this type of alias declaration:	The `Result<..., Error>` is repeated a lot. As such, `std::io` has this type alias declaration:
c19fca6083ba	grammar-function-word		of	This concept—of being concerned only with the messages a value responds to rather than the value’s concrete type—is similar to the concept *duck typing* in dynamically typed languages: if it walks like a duck and quacks like a duck, then it must be a duck! In the implementation of `run` on `Screen` in Listing 17-5, `run` doesn’t need to know what the concrete type of each component is. It doesn’t check whether a component is an instance of a `Button` or a `SelectBox`, it just calls the `draw` method on the component. By specifying `Box<dyn Draw>` as the type of the values in the `components` vector, we’ve defined `Screen` to need values that we can call the `draw` method on.	This concept—of being concerned only with the messages a value responds to rather than the value’s concrete type—is similar to the concept of *duck typing* in dynamically typed languages: if it walks like a duck and quacks like a duck, then it must be a duck! In the implementation of `run` on `Screen` in Listing 17-5, `run` doesn’t need to know what the concrete type of each component is. It doesn’t check whether a component is an instance of a `Button` or a `SelectBox`, it just calls the `draw` method on the component. By specifying `Box<dyn Draw>` as the type of the values in the `components` vector, we’ve defined `Screen` to need values that we can call the `draw` method on.
05bd3e0b7f6b	grammar-inflection	variable	variable's	But mutability can be very useful. Variables are immutable only by default; as you did in Chapter 2, you can make them mutable by adding `mut` in front of the variable name. In addition to allowing this value to change, `mut` conveys intent to future readers of the code by indicating that other parts of the code will be changing this variable value.	But mutability can be very useful. Variables are immutable only by default; as you did in Chapter 2, you can make them mutable by adding `mut` in front of the variable name. In addition to allowing this value to change, `mut` conveys intent to future readers of the code by indicating that other parts of the code will be changing this variable's value.
a2bbf39979b3	spelling	returing	returning	However, using `impl Trait` is only allowed if you have a single type that you’re returning. For example, this code returing either a `NewsArticle` or a `Tweet` with the return type specified as `impl Summary` would *not* work:	However, using `impl Trait` is only allowed if you have a single type that you’re returning. For example, this code returning either a `NewsArticle` or a `Tweet` with the return type specified as `impl Summary` would *not* work:
b69207660f12	spelling	annd	and	* All items (functions, methods, structs, enums, modules, annd constants) are private by default. * You can use the `pub` keyword to make an item public. * You aren’t allowed to use private code defined in modules that are children of the current module. * You are allowed to use any code defined in ancestor modules or the current module.	* All items (functions, methods, structs, enums, modules, and constants) are private by default. * You can use the `pub` keyword to make an item public. * You aren’t allowed to use private code defined in modules that are children of the current module. * You are allowed to use any code defined in ancestor modules or the current module.
7740400fec03	spelling	encompases	encompasses	Rust has a number of features related to scopes. This is sometimes called “the module system,” but it encompases more than just modules:	Rust has a number of features related to scopes. This is sometimes called “the module system,” but it encompasses more than just modules:
7740400fec03	spelling	messsages	messages	The error messsages say that module `instrument` is private. We can see that we have the correct paths for the `instrument` module and the `clarinet` function, but Rust won’t let us use them because they’re private. It’s time to learn about the `pub` keyword!	The error messages say that module `instrument` is private. We can see that we have the correct paths for the `instrument` module and the `clarinet` function, but Rust won’t let us use them because they’re private. It’s time to learn about the `pub` keyword!
7740400fec03	spelling	diferent	different	This would work well if `item1` and `item2` were allowed to have diferent types (as long as both implement `Summary`). But what if you wanted to force both to have the exact same type? That is only possible if you use a trait bound:	This would work well if `item1` and `item2` were allowed to have different types (as long as both implement `Summary`). But what if you wanted to force both to have the exact same type? That is only possible if you use a trait bound:
7740400fec03	spelling	elidied	elided	The `'_` says “use the elidied lifetime here.” This means that we can still see that `StrWrap` contains a reference, but we don’t need all of the lifetime annotations to make sense of it.	The `'_` says “use the elided lifetime here.” This means that we can still see that `StrWrap` contains a reference, but we don’t need all of the lifetime annotations to make sense of it.
669a909a199b	grammar-function-word	the	an	The main error message, “mismatched types,” reveals the core issue with this code. The definition of the function `plus_one` says that it will return an `i32`, but statements don’t evaluate to a value, which is expressed by `()`, the empty tuple. Therefore, nothing is returned, which contradicts the function definition and results in an error. In this output, Rust provides a message to possibly help rectify this issue: it suggests removing the semicolon, which would fix the error.	The main error message, “mismatched types,” reveals the core issue with this code. The definition of the function `plus_one` says that it will return an `i32`, but statements don’t evaluate to a value, which is expressed by `()`, an empty tuple. Therefore, nothing is returned, which contradicts the function definition and results in an error. In this output, Rust provides a message to possibly help rectify this issue: it suggests removing the semicolon, which would fix the error.
9bbbcad5da91	grammar-function-word		we	Let’s look at what happens if use `?` in the `main` function, which you’ll recall has a return type of `()`:	Let’s look at what happens if we use `?` in the `main` function, which you’ll recall has a return type of `()`:
d7a4e99554da	grammar-inflection	knows	know	By specifying the lifetime parameters in this function signature, we are not changing the lifetimes of any values passed in or returned, but we are saying that any values that do not adhere to this contract should be rejected by the borrow checker. This function does not know (or need to know) exactly how long `x` and `y` will live, but only needs to knows that there is some scope that can be substituted for `'a` that will satisfy this signature.	By specifying the lifetime parameters in this function signature, we are not changing the lifetimes of any values passed in or returned, but we are saying that any values that do not adhere to this contract should be rejected by the borrow checker. This function does not know (or need to know) exactly how long `x` and `y` will live, but only needs to know that there is some scope that can be substituted for `'a` that will satisfy this signature.
d7a4e99554da	grammar-function-word		to	When annotating lifetimes in functions, the annotations go on the function signature, and not in any of the code in the function body. This is because Rust is able analyze the code within the function without any help, but when a function has references to or from code outside that function, the lifetimes of the arguments or return values will potentially be different each time the function is called. This would be incredibly costly and often impossible for Rust to figure out. In this case, we need to annotate the lifetimes ourselves.	When annotating lifetimes in functions, the annotations go on the function signature, and not in any of the code in the function body. This is because Rust is able to analyze the code within the function without any help, but when a function has references to or from code outside that function, the lifetimes of the arguments or return values will potentially be different each time the function is called. This would be incredibly costly and often impossible for Rust to figure out. In this case, we need to annotate the lifetimes ourselves.
afe9888ebfa7	grammar-inflection	give	gives	The condition `if error.kind() == ErrorKind::NotFound` is called a *match guard*: it's an extra condition on a `match` arm that further refines the arm's pattern. This condition must be true in order for that arm's code to get run; otherwise, the pattern matching will move on to consider the next arm in the `match`. The `ref` in the pattern is needed so that the `error` is not moved into the guard condition but is merely referenced by it. The reason `ref` is used to take a reference in a pattern instead of `&` will be covered in detail in Chapter XX. In short, in the context of a pattern, `&` matches a reference and give us its value, but `ref` matches a value and gives us a reference to it.	The condition `if error.kind() == ErrorKind::NotFound` is called a *match guard*: it's an extra condition on a `match` arm that further refines the arm's pattern. This condition must be true in order for that arm's code to get run; otherwise, the pattern matching will move on to consider the next arm in the `match`. The `ref` in the pattern is needed so that the `error` is not moved into the guard condition but is merely referenced by it. The reason `ref` is used to take a reference in a pattern instead of `&` will be covered in detail in Chapter XX. In short, in the context of a pattern, `&` matches a reference and gives us its value, but `ref` matches a value and gives us a reference to it.
2145cc2e5239	spelling	Nex,	Next,	The `iter` method on vectors allows us to produce an *iterator* from the vector. Nex, the `map` method called on the iterator allows us to process each element: in this case, we've passed a closure to `map` that specifies for every element `x`, add one to it. `map` is one of the most basic ways of interacting with an iterator, as processing each element in turn is very useful! Finally, the `collect` method consumes the iterator and puts the iterator's elements into a new data structure. In this case, since we've said that `v2` has the type `Vec<i32>`, `collect` will create a new vector out of the `i32` values.	The `iter` method on vectors allows us to produce an *iterator* from the vector. Next, the `map` method called on the iterator allows us to process each element: in this case, we've passed a closure to `map` that specifies for every element `x`, add one to it. `map` is one of the most basic ways of interacting with an iterator, as processing each element in turn is very useful! Finally, the `collect` method consumes the iterator and puts the iterator's elements into a new data structure. In this case, since we've said that `v2` has the type `Vec<i32>`, `collect` will create a new vector out of the `i32` values.
2145cc2e5239	spelling	oveflow	overflow	The iterator trait specifies that when an iterator returns `None`, that indicates iteration is finished. The trait does not mandate anything about the behavior an iterator must have if the `next` method is called again after having returned one `None` value. In this case, every time we call `next` after getting the first `None` value will still return `None`, but the internal `count` field will continue to be incremented by one each time. If we call `next` as many times as the maximum value a `u32` value can hold, `count` will oveflow (which will `panic!` in debug mode and wrap in release mode). Other iterator implementations choose to start iterating again. If you need to be sure to have an iterator that will always return `None` on subsequent calls to the `next` method after the first `None` value is returned, you can use the `fuse` method to create an iterator with that characteristic out of any other iterator.	The iterator trait specifies that when an iterator returns `None`, that indicates iteration is finished. The trait does not mandate anything about the behavior an iterator must have if the `next` method is called again after having returned one `None` value. In this case, every time we call `next` after getting the first `None` value will still return `None`, but the internal `count` field will continue to be incremented by one each time. If we call `next` as many times as the maximum value a `u32` value can hold, `count` will overflow (which will `panic!` in debug mode and wrap in release mode). Other iterator implementations choose to start iterating again. If you need to be sure to have an iterator that will always return `None` on subsequent calls to the `next` method after the first `None` value is returned, you can use the `fuse` method to create an iterator with that characteristic out of any other iterator.
b711c5904c36	grammar-function-word	the	a	That's how we end up with `[2, 3, 4]`. As you can see, closures are a very important part of using iterators; they provide the way of customizing the behavior of an iterator adapter like `map`.	That's how we end up with `[2, 3, 4]`. As you can see, closures are a very important part of using iterators; they provide a way of customizing the behavior of an iterator adapter like `map`.
b711c5904c36	spelling	neccesary,	necessary,	The `new` method here isn't strictly neccesary, but we want our `Counter` to go from one to five, so we're going to initialize it with a zero. Let's see why by implementing `Iterator` for it:	The `new` method here isn't strictly necessary, but we want our `Counter` to go from one to five, so we're going to initialize it with a zero. Let's see why by implementing `Iterator` for it:
b711c5904c36	spelling	'synatx	'syntax	At the time, we didn't explain the `.iter()` bit, but now you know that it makes an iterator. Rust's `for` loop is actually 'synatx sugar', that is, it's special syntax, but we could write it ourselves. It's just a bit nicer to write by using `for`. If we took the code above and expanded it, it would look like this:	At the time, we didn't explain the `.iter()` bit, but now you know that it makes an iterator. Rust's `for` loop is actually 'syntax sugar', that is, it's special syntax, but we could write it ourselves. It's just a bit nicer to write by using `for`. If we took the code above and expanded it, it would look like this:
b711c5904c36	spelling	Whoah!	Cool!	Whoah! The standard library implements `IntoIterator` on vectors directly, allowing you to take ownership of each element of the vector. But it also implements it on `&Vec<T>` and `&mut Vec<T>`, which allow you to iterate over references and mutable references, respectively. Since the `for` loop implicitly calls `IntoIterator::into_iter` for us, we don't need to do anything. It just works.	Cool! The standard library implements `IntoIterator` on vectors directly, allowing you to take ownership of each element of the vector. But it also implements it on `&Vec<T>` and `&mut Vec<T>`, which allow you to iterate over references and mutable references, respectively. Since the `for` loop implicitly calls `IntoIterator::into_iter` for us, we don't need to do anything. It just works.
b711c5904c36	grammar-inflection	chose?	choose?	Not too bad! So which style should you chose? Most Rust programmers prefer to use the iterator style. It's a bit tougher to understand at first, but once you gain an intuition for what the various iterator adaptors do, this is much easier to understand. Instead of fiddling with the various bits of looping and building a new vector, it focuses on the high-level objective of the loop.	Not too bad! So which style should you choose? Most Rust programmers prefer to use the iterator style. It's a bit tougher to understand at first, but once you gain an intuition for what the various iterator adaptors do, this is much easier to understand. Instead of fiddling with the various bits of looping and building a new vector, it focuses on the high-level objective of the loop.
b711c5904c36	spelling	bencharmark	benchmark	That's right, the iterator version ended up slightly faster! We're not going to share the bencharmark code exactly here, as the point is not to prove that they're exactly equivalent. For a _real_ benchmark, you'd want to check various texts of various sizes, different words, words of different lengths, and all kinds of other things. The point here is this: iterators, while a high-level abstraction, get compiled down to roughly the same code as if you'd written the lower-level code yourself.	That's right, the iterator version ended up slightly faster! We're not going to share the benchmark code exactly here, as the point is not to prove that they're exactly equivalent. For a _real_ benchmark, you'd want to check various texts of various sizes, different words, words of different lengths, and all kinds of other things. The point here is this: iterators, while a high-level abstraction, get compiled down to roughly the same code as if you'd written the lower-level code yourself.
b711c5904c36	grammar-function-word	this,		This code sample is taken from an audio decoder. It "restores sample values from residues," if that means anything to you. The point is, doing math is something that often needs to be done very quickly, so you care about speed. But here, we're creating an iterator, using two adaptors, and then finally consuming the value. What would this code compile to? Well, as of this writing, this, it compiles down to the same assembly you'd write by hand: there's no loop at all, as it knows that there are twelve iterations, and so it "unrolls" the loop. All of the coefficients get stored in registers (read: they're very fast). There are no bounds checks on the array access. It's extremely efficient.	This code sample is taken from an audio decoder. It "restores sample values from residues," if that means anything to you. The point is, doing math is something that often needs to be done very quickly, so you care about speed. But here, we're creating an iterator, using two adaptors, and then finally consuming the value. What would this code compile to? Well, as of this writing, it compiles down to the same assembly you'd write by hand: there's no loop at all, as it knows that there are twelve iterations, and so it "unrolls" the loop. All of the coefficients get stored in registers (read: they're very fast). There are no bounds checks on the array access. It's extremely efficient.
e3aeefea9fe6	spelling	repetedly	repeatedly	Iterators are types that implement the `Iterator` trait. Iterators are designed to return a sequence of values by repetedly calling their `next()` method. Often, these values come from a data structure such as `Vec`. Iterators are powerful, however, because they can be used for more than that. For example, you can have an infinite iterator -- one whose `next()` method never returns `None`. There are also functions on iterators like `map`, which applies a function to each value in the iterators as they're requested. `map` has low memory usage because it only applies the function as elements are requested, so the whole sequence does not need to build up.	Iterators are types that implement the `Iterator` trait. Iterators are designed to return a sequence of values by repeatedly calling their `next()` method. Often, these values come from a data structure such as `Vec`. Iterators are powerful, however, because they can be used for more than that. For example, you can have an infinite iterator -- one whose `next()` method never returns `None`. There are also functions on iterators like `map`, which applies a function to each value in the iterators as they're requested. `map` has low memory usage because it only applies the function as elements are requested, so the whole sequence does not need to build up.
748d8404d247	grammar-function-word	to		When you start writing programs in Rust, your code might live solely in the `main` function. As your code grows, you’ll eventually move functionality out into other functions, both for re-use and for better organization. By splitting your code up into smaller chunks, each chunk is easier to understand on its own. But what happens if you find yourself with too many functions? Rust has a module system that handles the problem of wanting to to re-use code while keeping your code organized.	When you start writing programs in Rust, your code might live solely in the `main` function. As your code grows, you’ll eventually move functionality out into other functions, both for re-use and for better organization. By splitting your code up into smaller chunks, each chunk is easier to understand on its own. But what happens if you find yourself with too many functions? Rust has a module system that handles the problem of wanting to re-use code while keeping your code organized.
52b7fcbfdd35	spelling	interchangably	interchangeably	Functions can also be defined to have *parameters*, which are special variables that are part of a function's signature. When a function has parameters, we can provide it with concrete values for those parameters. Technically, the concrete values are called *arguments*, but in casual conversation people tend to use the words "parameter" and "argument" interchangably for either the variables in a function's definition or the concrete values passed in when you call a function.	Functions can also be defined to have *parameters*, which are special variables that are part of a function's signature. When a function has parameters, we can provide it with concrete values for those parameters. Technically, the concrete values are called *arguments*, but in casual conversation people tend to use the words "parameter" and "argument" interchangeably for either the variables in a function's definition or the concrete values passed in when you call a function.
52b7fcbfdd35	spelling	valuess	values	Again, the lifetime names are declared in the angle brackets where generic type parameters are declared, and this is because lifetimes are a form of generics. In the examples above, `'a` and `'b` were concrete lifetimes: we knew about `r` and `x` and how long they would live exactly. However, when we write a function, we can't know beforehand exactly all of the valuess that it could be called with and how long they will be valid for. We have to explain to Rust what we expect the lifetime of the parameter to be (we'll learn about how to know what you expect the lifetime to be in a bit). This is similar to writing a function that has a parameter of a generic type: we don't know what type the values will actually end up being when the function gets called. Lifetimes are the same idea, but they are generic over the scope of a reference, rather than a type.	Again, the lifetime names are declared in the angle brackets where generic type parameters are declared, and this is because lifetimes are a form of generics. In the examples above, `'a` and `'b` were concrete lifetimes: we knew about `r` and `x` and how long they would live exactly. However, when we write a function, we can't know beforehand exactly all of the values that it could be called with and how long they will be valid for. We have to explain to Rust what we expect the lifetime of the parameter to be (we'll learn about how to know what you expect the lifetime to be in a bit). This is similar to writing a function that has a parameter of a generic type: we don't know what type the values will actually end up being when the function gets called. Lifetimes are the same idea, but they are generic over the scope of a reference, rather than a type.
938ed6519ae4	spelling	defualts	defaults	We could override these defualts by putting this into `Cargo.toml`:	We could override these defaults by putting this into `Cargo.toml`:
938ed6519ae4	spelling	componenets	components	In Chapter XX, we built a project that included both a binary and a library. But what if we want to split our project up into multiple libraries? As projects grow, separating out major componenets can be quite useful. In this situation, Cargo has a feature called "workspaces" that can help us manage multiple packages.	In Chapter XX, we built a project that included both a binary and a library. But what if we want to split our project up into multiple libraries? As projects grow, separating out major components can be quite useful. In this situation, Cargo has a feature called "workspaces" that can help us manage multiple packages.
938ed6519ae4	spelling	componenets	components	As your project grows, consider a workspace: smaller componenets are easier to understand individually than one big blob of code.	As your project grows, consider a workspace: smaller components are easier to understand individually than one big blob of code.
938ed6519ae4	spelling	youll	you'll	First things first, youll need an account on [crates.io] to acquire an API token. To do so, [visit the home page][crates.io] and log in via a GitHub account (required for now). After this, visit your [Account Settings](https://crates.io/me) page and run the `cargo login` command specified.	First things first, you'll need an account on [crates.io] to acquire an API token. To do so, [visit the home page][crates.io] and log in via a GitHub account (required for now). After this, visit your [Account Settings](https://crates.io/me) page and run the `cargo login` command specified.
a62a15131c54	spelling	languagess	languages	Shared mutable state is a problem. Both useful. Functional languagess get rid of mutability.	Shared mutable state is a problem. Both useful. Functional languages get rid of mutability.
a62a15131c54	grammar-inflection	lang's	language's	These are the reasons Rust's concurrency model is this way as opposed to other lang's ways, which are optimizing for different things.	These are the reasons Rust's concurrency model is this way as opposed to other language's ways, which are optimizing for different things.
de6075be987e	spelling	refacting	refactoring	Let's introduce a struct to hold all of our configuration. Listing 12-5 shows the addition of the `Config` struct definition, the refacting of `parse_config`, and updates to `main`:	Let's introduce a struct to hold all of our configuration. Listing 12-5 shows the addition of the `Config` struct definition, the refactoring of `parse_config`, and updates to `main`:
de6075be987e	spelling	owend	owned	The signature of `parse_config` now indicates that it returns a `Config` value. In the body of `parse_config`, we used to be returning string slices that were references to `String` values in `args`, but we've defined `Config` to contain owend `String` values. Because the argument to `parse_config` is a slice of `String` values, the `Config` instance can't take ownership of the `String` values: that violates Rust's borrowing rules, since the `args` variable in `main` owns the `String` values and is only letting the `parse_config` function borrow them.	The signature of `parse_config` now indicates that it returns a `Config` value. In the body of `parse_config`, we used to be returning string slices that were references to `String` values in `args`, but we've defined `Config` to contain owned `String` values. Because the argument to `parse_config` is a slice of `String` values, the `Config` instance can't take ownership of the `String` values: that violates Rust's borrowing rules, since the `args` variable in `main` owns the `String` values and is only letting the `parse_config` function borrow them.
de6075be987e	spelling	procudes	produces	We're going to write a function named `grep` that takes our search term and the text to search and procudes a list of search results. Let's remove that `println!` from `run` (and from *src/main.rs* as well, as we don't really need those anymore either), and call the new `grep` function with the options we've collected. We'll add a placeholder implementation of the function for now, and a test that specifies the behavior we'd like the `grep` function to have. The test will fail with our placeholder implementation, of course, but we can make sure the code compiles and that we get the failure message we expect. Listing 12-14 shows these modifications:	We're going to write a function named `grep` that takes our search term and the text to search and produces a list of search results. Let's remove that `println!` from `run` (and from *src/main.rs* as well, as we don't really need those anymore either), and call the new `grep` function with the options we've collected. We'll add a placeholder implementation of the function for now, and a test that specifies the behavior we'd like the `grep` function to have. The test will fail with our placeholder implementation, of course, but we can make sure the code compiles and that we get the failure message we expect. Listing 12-14 shows these modifications:
de6075be987e	spelling	langugages	languages	Connecting arguments to return values in the signature is something that other programming langugages don't make you do, so don't worry if this still feels strange! Knowing how to specify lifetimes gets easier over time, and practice makes perfect. You may want to re-read the above section or go back and compare this example with the Lifetime Syntax section in Chapter 10.	Connecting arguments to return values in the signature is something that other programming languages don't make you do, so don't worry if this still feels strange! Knowing how to specify lifetimes gets easier over time, and practice makes perfect. You may want to re-read the above section or go back and compare this example with the Lifetime Syntax section in Chapter 10.
de6075be987e	spelling	addtion,	addition,	Let's add one more feature: case insensitive searching. In addtion, this setting won't be a command line option: it'll be an environment variable instead. We could choose to make case insensitivity a command line option, but our users have requested an environment variable that they could set once and make all their searches case insensitive in that terminal session.	Let's add one more feature: case insensitive searching. In addition, this setting won't be a command line option: it'll be an environment variable instead. We could choose to make case insensitivity a command line option, but our users have requested an environment variable that they could set once and make all their searches case insensitive in that terminal session.
de6075be987e	spelling	aquire	acquire	Rust does not have a convenient function like `println!` for writing to standard error. Instead, we use the `writeln!` macro, which is sort of like `println!`, but it takes an extra argument. The first thing we pass to it is what to write to. We can aquire a handle to standard error through the `std::io::stderr` function. We give a mutable reference to `stderr` to `writeln!`; we need it to be mutable so we can write to it! The second and third arguments to `writeln!` are like the first and second arguments to `println!`: a format string and any variables we're interpolating.	Rust does not have a convenient function like `println!` for writing to standard error. Instead, we use the `writeln!` macro, which is sort of like `println!`, but it takes an extra argument. The first thing we pass to it is what to write to. We can acquire a handle to standard error through the `std::io::stderr` function. We give a mutable reference to `stderr` to `writeln!`; we need it to be mutable so we can write to it! The second and third arguments to `writeln!` are like the first and second arguments to `println!`: a format string and any variables we're interpolating.
f85c7af6cd23	spelling	perf	performance	Closures don't have any further perf penalty over regular fn calls	Closures don't have any further performance penalty over regular fn calls
f85c7af6cd23	spelling	langs	languages	Lots of different languages tackle this problem in different ways. We are not going to talk about that: exercise for the reader is investigate other langs and compare and contrast with Rust's approach.	Lots of different languages tackle this problem in different ways. We are not going to talk about that: exercise for the reader is investigate other languages and compare and contrast with Rust's approach.
f85c7af6cd23	spelling	mutabe	mutable	For mutabe data.	For mutable data.
f85c7af6cd23	grammar-inflection	extendable.	extensible.	With traits, libraries are extendable. This is why trait objects are different than having an enum and a match statement that has to be exhaustive at compile time and we have to know all the things at compile time and no one can add new things to the set of possible things	With traits, libraries are extensible. This is why trait objects are different than having an enum and a match statement that has to be exhaustive at compile time and we have to know all the things at compile time and no one can add new things to the set of possible things
bae3793a60b6	grammar-inflection	judgement	judgment	In simple cases like this, two `let`s may be clearer, but in others, creating multiple variables at once is nice. As we become more proficient in Rust, we’ll figure out which style is better, but it’s mostly a judgement call.	In simple cases like this, two `let`s may be clearer, but in others, creating multiple variables at once is nice. As we become more proficient in Rust, we’ll figure out which style is better, but it’s mostly a judgment call.
86862b1c716f	grammar-inflection	homogenous:	homogeneous:	Note that we added a type annotation here. Since we aren't inserting any values into this vector, Rust doesn't know what kind of elements we intend to store. This is an important point. Vectors are homogenous: they may store many values, but those values must all be the same type. Vectors are implemented using generics, which Chapter 10 will cover how to use in your own types. For now, all you need to know is that the `Vec` type provided by the standard library can hold any type, and when a specific `Vec` holds a specific type, the type goes within angle brackets. We've told Rust that the `Vec` in `v` will hold elements of the `i32` type.	Note that we added a type annotation here. Since we aren't inserting any values into this vector, Rust doesn't know what kind of elements we intend to store. This is an important point. Vectors are homogeneous: they may store many values, but those values must all be the same type. Vectors are implemented using generics, which Chapter 10 will cover how to use in your own types. For now, all you need to know is that the `Vec` type provided by the standard library can hold any type, and when a specific `Vec` holds a specific type, the type goes within angle brackets. We've told Rust that the `Vec` in `v` will hold elements of the `i32` type.
86862b1c716f	grammar-inflection	homogenous:	homogeneous:	Just like vectors, hash maps store their data on the heap. This `HashMap` has keys of type `&str` and values of type `i32`. Like vectors, hash maps are homogenous: all of the keys must have the same type, and all of the values must have the same type.	Just like vectors, hash maps store their data on the heap. This `HashMap` has keys of type `&str` and values of type `i32`. Like vectors, hash maps are homogeneous: all of the keys must have the same type, and all of the values must have the same type.
b77aa4f5db0b	spelling	libary	library	We've been showing a bunch of different possibilities that we could define in our code for storing IP addresses of the two different kinds using an enum. It turns out, though, that wanting to store IP addresses and encode which kind they are is so common that [the standard library has a definition we can use!][IpAddr]<!-- ignore --> Let's look at how the standard libary defines `IpAddr`: it has the exact enum and variants that we've defined and used, but it chose to embed the address data inside the variants in the form of two different structs, which are defined differently for each variant:	We've been showing a bunch of different possibilities that we could define in our code for storing IP addresses of the two different kinds using an enum. It turns out, though, that wanting to store IP addresses and encode which kind they are is so common that [the standard library has a definition we can use!][IpAddr]<!-- ignore --> Let's look at how the standard library defines `IpAddr`: it has the exact enum and variants that we've defined and used, but it chose to embed the address data inside the variants in the form of two different structs, which are defined differently for each variant:
b77aa4f5db0b	spelling	libary	library	Let’s look at a few more examples to get some practice. Create a new libary project and enter the code in Listing 7-5 into your new project’s *src/lib.rs*:	Let’s look at a few more examples to get some practice. Create a new library project and enter the code in Listing 7-5 into your new project’s *src/lib.rs*:
b77aa4f5db0b	spelling	Insetad,	Instead,	If you don't know at the time that you're writing a program the exhaustive set of types the program will get at runtime to store in a vector, the enum technique won't work. Insetad, you can use a trait object, which we'll cover in Chapter 13.	If you don't know at the time that you're writing a program the exhaustive set of types the program will get at runtime to store in a vector, the enum technique won't work. Instead, you can use a trait object, which we'll cover in Chapter 13.
b77aa4f5db0b	spelling	occcasionally	occasionally	Also there are occcasionally new methods available with new versions of the language, so there's no way we can be comprehensive here. We want the reader to use the API documentation in these situations since the purpose of the online docs is to be comprehensive and up to date. I personally wouldn't expect a book like this to duplicate the info that's in the API docs, so I don't think a justification is necessary here. /Carol  -->	Also there are occasionally new methods available with new versions of the language, so there's no way we can be comprehensive here. We want the reader to use the API documentation in these situations since the purpose of the online docs is to be comprehensive and up to date. I personally wouldn't expect a book like this to duplicate the info that's in the API docs, so I don't think a justification is necessary here. /Carol  -->
b77aa4f5db0b	spelling	happend.	happened.	That's what the next line, the `note` is about. If we set the `RUST_BACKTRACE` environment variable, we'll get a backtrace of exactly how the error happend. Let's try that. Listing 9-1 shows the output:	That's what the next line, the `note` is about. If we set the `RUST_BACKTRACE` environment variable, we'll get a backtrace of exactly how the error happened. Let's try that. Listing 9-1 shows the output:
b77aa4f5db0b	spelling	maintenace	maintenance	One of the core tools a programming language gives you is the ability to deal effectively with duplication of code. It's important to minimize the amount of code that is duplicated throughout a program to make maintenace easier and minimize logic errors. Maintenance will be easier if there's only one place that you need to change the code if you change your mind about how the program should work, rather than multiple places in the code. If your program's logic is duplicated in different places and those places don't match, you'll get errors or unexpected and undesired behavior from your program that could be hard to track down. Rust has the concept of *generics* as one way to eliminate duplicate code. Generics come in the form of generic types, traits that those generic types have, and generic lifetimes. We'll cover how to use all of these in this chapter.	One of the core tools a programming language gives you is the ability to deal effectively with duplication of code. It's important to minimize the amount of code that is duplicated throughout a program to make maintenance easier and minimize logic errors. Maintenance will be easier if there's only one place that you need to change the code if you change your mind about how the program should work, rather than multiple places in the code. If your program's logic is duplicated in different places and those places don't match, you'll get errors or unexpected and undesired behavior from your program that could be hard to track down. Rust has the concept of *generics* as one way to eliminate duplicate code. Generics come in the form of generic types, traits that those generic types have, and generic lifetimes. We'll cover how to use all of these in this chapter.
b77aa4f5db0b	spelling	listend	listened	We declare a trait with the `trait` keyword, then the trait's name. In this case, our trait will describe types which can be printed. Inside of curly braces, we declare a method signature, but instead of providing an implementation inside curly braces, we put a semicolon after the signature. A trait can have multiple methods in its body, with the method signatures listend one per line and each line ending in a semicolon.	We declare a trait with the `trait` keyword, then the trait's name. In this case, our trait will describe types which can be printed. Inside of curly braces, we declare a method signature, but instead of providing an implementation inside curly braces, we put a semicolon after the signature. A trait can have multiple methods in its body, with the method signatures listened one per line and each line ending in a semicolon.
b77aa4f5db0b	spelling	becasue	because	Let's take a look at a test that will fail becasue `hello` is not equal to `world`. We've also added a custom error message, `greeting operation failed`:	Let's take a look at a test that will fail because `hello` is not equal to `world`. We've also added a custom error message, `greeting operation failed`:
d1b926947e1a	spelling	instannce	instance	An `enum` definition is similar to a `struct` definition: it defines a new type and a template of what instances of that new type will be like. When you want to use a struct, you create an instance of the struct. When you want to use an enum, you use an instannce of the enum that is one of the variants the enum allows.	An `enum` definition is similar to a `struct` definition: it defines a new type and a template of what instances of that new type will be like. When you want to use a struct, you create an instance of the struct. When you want to use an enum, you use an instance of the enum that is one of the variants the enum allows.
d1b926947e1a	grammar-inflection	let	lets	In the previous section, we looked at how the `IpAddr` enum let us use Rust's type system to encode more information than just the data into our program. This section is a case study of `Option`, which is another enum defined by the standard library. The `Option` type is used in many places because it encodes the very common scenario in which a value could be *something* or it could be *nothing*. Expressing this concept in terms of the type system means the compiler can check that you've handled all the cases you should be handling, which can prevent bugs that are extremely common in other programming languages.	In the previous section, we looked at how the `IpAddr` enum lets us use Rust's type system to encode more information than just the data into our program. This section is a case study of `Option`, which is another enum defined by the standard library. The `Option` type is used in many places because it encodes the very common scenario in which a value could be *something* or it could be *nothing*. Expressing this concept in terms of the type system means the compiler can check that you've handled all the cases you should be handling, which can prevent bugs that are extremely common in other programming languages.
76e052fca512	grammar-inflection	homogenous:	homogeneous:	Note that we added a type annotation here. Since we don't actually do anything with the vector, Rust doesn't know what kind of elements we intend to store. This is an important point. Vectors are homogenous: they may store many values, but those values must all be the same type. Vectors are generic over the type stored inside them (we'll talk about Generics more thoroughly in Chapter 10), and the angle brackets here tell Rust that this vector will hold elements of the `i32` type.	Note that we added a type annotation here. Since we don't actually do anything with the vector, Rust doesn't know what kind of elements we intend to store. This is an important point. Vectors are homogeneous: they may store many values, but those values must all be the same type. Vectors are generic over the type stored inside them (we'll talk about Generics more thoroughly in Chapter 10), and the angle brackets here tell Rust that this vector will hold elements of the `i32` type.
76e052fca512	grammar-inflection	homogenous:	homogeneous:	Just like vectors, hash maps store their data on the heap. This `HashMap` has keys of type `i32` and values of type `&str`. Like vectors, hash maps are homogenous: all of the keys must have the same type, and all of the values must have the same type.	Just like vectors, hash maps store their data on the heap. This `HashMap` has keys of type `i32` and values of type `&str`. Like vectors, hash maps are homogeneous: all of the keys must have the same type, and all of the values must have the same type.
1885cdb07b29	spelling	expresion	expression	The expression in the `if` block evaluates to an integer and the expresion in the `else` block evaluates to a string. This can’t work, because variable bindings must have a single type. Rust needs to know at compile time what type the `number` binding is, definitively, so that it can verify at compile time that its type is valid everywhere we use `number`. Rust wouldn't be able to do that if the type of `number` was only determined at runtime; the compiler would be more complex and be able to make fewer guarantees about our code if it had to keep track of multiple hypothetical types for any variable binding.	The expression in the `if` block evaluates to an integer and the expression in the `else` block evaluates to a string. This can’t work, because variable bindings must have a single type. Rust needs to know at compile time what type the `number` binding is, definitively, so that it can verify at compile time that its type is valid everywhere we use `number`. Rust wouldn't be able to do that if the type of `number` was only determined at runtime; the compiler would be more complex and be able to make fewer guarantees about our code if it had to keep track of multiple hypothetical types for any variable binding.
1885cdb07b29	spelling	happenening	happening	Let’s have a closer look at exactly what's happenening at each stage of our `dangle` code:	Let’s have a closer look at exactly what's happening at each stage of our `dangle` code:
1885cdb07b29	spelling	compliler	compiler	Again, though, the compliler has given us a helpful note!	Again, though, the compiler has given us a helpful note!
1885cdb07b29	spelling	throroughly	thoroughly	Note that we added a type annotation here. Since we don't actually do anything with the vector, Rust doesn't know what kind of elements we intend to store. This is an important point. Vectors are homogenous: they may store many values, but those values must all be the same type. Vectors are generic over the type stored inside them (we'll talk about Generics more throroughly in Chapter 10), and the angle brackets here tell Rust that this vector will hold elements of the `i32` type.	Note that we added a type annotation here. Since we don't actually do anything with the vector, Rust doesn't know what kind of elements we intend to store. This is an important point. Vectors are homogenous: they may store many values, but those values must all be the same type. Vectors are generic over the type stored inside them (we'll talk about Generics more thoroughly in Chapter 10), and the angle brackets here tell Rust that this vector will hold elements of the `i32` type.
1885cdb07b29	spelling	excatly	exactly	This isn't excatly what the actual signature is in the standard library because `add` is defined using generics there. Here, we're just looking at what the signature of the method would be if `add` was defined specifically for `String`. This signature gives us the clues we need in order to understand the tricky bits of `+`.	This isn't exactly what the actual signature is in the standard library because `add` is defined using generics there. Here, we're just looking at what the signature of the method would be if `add` was defined specifically for `String`. This signature gives us the clues we need in order to understand the tricky bits of `+`.
1885cdb07b29	spelling	languges	languages	The last of our fundamental collections is the *hash map*. The type `HashMap<K, V>` stores a mapping of keys of type `K` to values of type `V`. It does this via a *hashing function*, which determines how it places these keys and values into memory. Many different programming languges support this kind of data structure, but often with a different name: hash, map, object, hash table, or associative array, just to name a few.	The last of our fundamental collections is the *hash map*. The type `HashMap<K, V>` stores a mapping of keys of type `K` to values of type `V`. It does this via a *hashing function*, which determines how it places these keys and values into memory. Many different programming languages support this kind of data structure, but often with a different name: hash, map, object, hash table, or associative array, just to name a few.
d9591c1928c3	spelling	chosing	choosing	Rust's standard library includes a number of really useful data structures called 'collections'. Most types represent one specific value, but collections can contain multiple values inside of them. Each collection has different capabilities and costs, and chosing an appropriate one for the situation you're in is a skill you'll develop over time. In this chapter, we'll go over three collections which are used very often in Rust programs:	Rust's standard library includes a number of really useful data structures called 'collections'. Most types represent one specific value, but collections can contain multiple values inside of them. Each collection has different capabilities and costs, and choosing an appropriate one for the situation you're in is a skill you'll develop over time. In this chapter, we'll go over three collections which are used very often in Rust programs:
d9591c1928c3	spelling	elment	element	Our `capacity` and `length` both show two here. Let's try inserting another elment into the vector:	Our `capacity` and `length` both show two here. Let's try inserting another element into the vector:
a226f084605c	spelling	guses	guess	By adding the `break` line after `You win!`, we’ll exit the loop when we guses the secret number correctly. Exiting the loop also means exiting the program, since the loop is the last thing in `main()`.	By adding the `break` line after `You win!`, we’ll exit the loop when we guess the secret number correctly. Exiting the loop also means exiting the program, since the loop is the last thing in `main()`.
c1355d246402	spelling	functonality	functionality	We’ll need to take user input and then print the result as output, and for that functonality we need to import the `io` (input/output) library from the standard library (which is known as `std`).	We’ll need to take user input and then print the result as output, and for that functionality we need to import the `io` (input/output) library from the standard library (which is known as `std`).
9913ed06360e	spelling	coniditions	conditions	We can have multiple coniditions by combining `if` and `else` in an `else if` expression. For example:	We can have multiple conditions by combining `if` and `else` in an `else if` expression. For example:
09909d27d6a2	grammar-function-word		to	So what’s the solution? Here, we stand at a crossroads. There are a few options. One would be to declare that assignment will also copy out any data. This works, but is inefficient: what if our `String` contained a novel? Also, it only works for memory. What if, instead of a `String`, we had a `TcpConnection`? Opening and closing a network connection is very similar to allocating and freeing memory. The solution that we could use there is to allow the programmer to hook into the assignment, similar to `drop()`, and write code fix things up. That would work, but now, an `=` can run arbitrary code. That’s also not good, and it doesn’t solve our efficiency concerns either.	So what’s the solution? Here, we stand at a crossroads. There are a few options. One would be to declare that assignment will also copy out any data. This works, but is inefficient: what if our `String` contained a novel? Also, it only works for memory. What if, instead of a `String`, we had a `TcpConnection`? Opening and closing a network connection is very similar to allocating and freeing memory. The solution that we could use there is to allow the programmer to hook into the assignment, similar to `drop()`, and write code to fix things up. That would work, but now, an `=` can run arbitrary code. That’s also not good, and it doesn’t solve our efficiency concerns either.
09909d27d6a2	grammar-function-word		to be	This might seem a bit tedious, and it is. What if I want to let a function use a value, but not take ownership? It’s quite annoying that anything I pass in also needs passed back. Look at this function:	This might seem a bit tedious, and it is. What if I want to let a function use a value, but not take ownership? It’s quite annoying that anything I pass in also needs to be passed back. Look at this function:
0d71ea901e9c	grammar-function-word	can		Rust code uses `snake_case` as a style for function names: all lower case, with underscores separating words. (It also uses them for variable names, too.) We can can call any function we’ve defined by using its name and some parentheses:	Rust code uses `snake_case` as a style for function names: all lower case, with underscores separating words. (It also uses them for variable names, too.) We can call any function we’ve defined by using its name and some parentheses:
7ae4efaa2f8d	spelling	familliar,	familiar,	Cargo has generated two files and one directory for us: a `Cargo.toml` and a *src* directory with a *main.rs* file inside. These should look familliar, they’re exactly what we created by hand, above.	Cargo has generated two files and one directory for us: a `Cargo.toml` and a *src* directory with a *main.rs* file inside. These should look familiar, they’re exactly what we created by hand, above.
7ae4efaa2f8d	spelling	intutition	intuition	Rust’s `char` represents a [Unicode Scalar Value], which means that it can represent a lot more than just ASCII. ‘Character’ isn’t really a concept in Unicode, however: your human intutition for what a ‘character’ is may not match up with a `char`. It also means that `char`s are four bytes each.	Rust’s `char` represents a [Unicode Scalar Value], which means that it can represent a lot more than just ASCII. ‘Character’ isn’t really a concept in Unicode, however: your human intuition for what a ‘character’ is may not match up with a `char`. It also means that `char`s are four bytes each.
7ae4efaa2f8d	spelling	parethesis?	parenthesis?	There’s one last trick with tuples: `(5)` is actually ambiguous: is it a tuple, or is it a `5` in parethesis? If you need to disambiguate, use a comma:	There’s one last trick with tuples: `(5)` is actually ambiguous: is it a tuple, or is it a `5` in parenthesis? If you need to disambiguate, use a comma:
7ae4efaa2f8d	spelling	simlar	similar	There is a simlar rule for combining the two kinds of references. This code errors:	There is a similar rule for combining the two kinds of references. This code errors:
7ae4efaa2f8d	spelling	probem:	problem:	Luckily, Rust has a solution to this probem: string slices.	Luckily, Rust has a solution to this problem: string slices.
7ae4efaa2f8d	spelling	attatched	attached	The call to `clone()` is attatched to `s1` with a dot. This is called ‘method syntax’, and it’s a way to call certain functions with a different style.	The call to `clone()` is attached to `s1` with a dot. This is called ‘method syntax’, and it’s a way to call certain functions with a different style.
7ae4efaa2f8d	spelling	familliar:	familiar:	Other than this, the rest of the example is familliar: an implementation of `distance()`, and using the method to find an answer.	Other than this, the rest of the example is familiar: an implementation of `distance()`, and using the method to find an answer.
7ae4efaa2f8d	spelling	breifly	briefly	We can't print out `x`! The error messages reference something we talked about breifly before, the `Display` trait. In order to implement this function, we need to talk about traits. But we only need to talk about traits to implement our own generic functions; we don't need this understanding to use them. So rather than get into more details about this right now, let's talk about other useful Rust data types, and we can come back to implementing generic functions in the chapter about traits.	We can't print out `x`! The error messages reference something we talked about briefly before, the `Display` trait. In order to implement this function, we need to talk about traits. But we only need to talk about traits to implement our own generic functions; we don't need this understanding to use them. So rather than get into more details about this right now, let's talk about other useful Rust data types, and we can come back to implementing generic functions in the chapter about traits.
7ae4efaa2f8d	spelling	exhastiveness	exhaustiveness	The `_` pattern matches anything at all, and so with it as the final pattern, Rust can understand that we have all our bases covered. It's not only used for this sort of exhastiveness issue, though. It's useful any time we don't want to deal with a number of cases. Consider this scenario: if we wanted to print out something one one, three, five, and seven:	The `_` pattern matches anything at all, and so with it as the final pattern, Rust can understand that we have all our bases covered. It's not only used for this sort of exhaustiveness issue, though. It's useful any time we don't want to deal with a number of cases. Consider this scenario: if we wanted to print out something one one, three, five, and seven:
b3f2d287c79a	grammar-inflection	Sounds	Sound	Let’s learn some Rust! For our first project, we’ll implement a classic beginner programming problem: the guessing game. Here’s how it works: Our program will generate a random integer between one and a hundred. It will then prompt us to enter a guess. Upon entering our guess, it will tell us if we’re too low or too high. Once we guess correctly, it will congratulate us. Sounds good?	Let’s learn some Rust! For our first project, we’ll implement a classic beginner programming problem: the guessing game. Here’s how it works: Our program will generate a random integer between one and a hundred. It will then prompt us to enter a guess. Upon entering our guess, it will tell us if we’re too low or too high. Once we guess correctly, it will congratulate us. Sound good?
b3f2d287c79a	grammar-function-word	and		We pass the name of our project to `cargo new`, and then the `--bin` flag, since we’re making a binary, rather than a library.	We pass the name of our project to `cargo new`, then the `--bin` flag, since we’re making a binary, rather than a library.
978eead7e8de	spelling	attatch	attach	We can attach data to each variant of the enum directly. No need for an extra struct. But beyond that, this approach is better than using a struct alongside our enum because we can attatch different kinds of data to each variant. Imagine that instead of a `String`, we would prefer to store a `V4` as its four individual components, while leaving the `V6` variant as a `String`. With our struct, we’d be stuck. But enums deal with this case with ease:	We can attach data to each variant of the enum directly. No need for an extra struct. But beyond that, this approach is better than using a struct alongside our enum because we can attach different kinds of data to each variant. Imagine that instead of a `String`, we would prefer to store a `V4` as its four individual components, while leaving the `V6` variant as a `String`. With our struct, we’d be stuck. But enums deal with this case with ease:
d6502d203f42	spelling	attatch	attach	We can attach data to each variant of the enum directly. No need for an extra struct. But beyond that, this approach is better than using a struct alongside our enum because we can attatch different kinds of data to each variant. Imagine that instead of a `String`, we would prefer to store a `V4` as its four individual components while leaving the `V6` variant as a `String`. With our struct, we’d be stuck. But enums deal with this case with ease:	We can attach data to each variant of the enum directly. No need for an extra struct. But beyond that, this approach is better than using a struct alongside our enum because we can attach different kinds of data to each variant. Imagine that instead of a `String`, we would prefer to store a `V4` as its four individual components while leaving the `V6` variant as a `String`. With our struct, we’d be stuck. But enums deal with this case with ease:
d6502d203f42	grammar-inflection	though	thought	Programming language design is often though of as which features you include, but it's also about which features you leave out. Rust does not have a feature that is in many other languages: 'null'. In languages with this feature, variables can have two states: null or not-null.	Programming language design is often thought of as which features you include, but it's also about which features you leave out. Rust does not have a feature that is in many other languages: 'null'. In languages with this feature, variables can have two states: null or not-null.
e6b45ea7f3c9	spelling	tedius,	tedious,	This might seem a bit tedius, and it is. What if I want to let a function use a value, but not take ownership? It’s quite annoying that anything I pass in also needs passed back. Look at this function:	This might seem a bit tedious, and it is. What if I want to let a function use a value, but not take ownership? It’s quite annoying that anything I pass in also needs passed back. Look at this function:
6ae257b276dc	grammar-function-word		the	With simple projects, Cargo doesn't bring a whole lot over just using `rustc`, but it will become useful in future. With complex projects composed of multiple crates, it’s much easier to let Cargo coordinate the build. With Cargo, you can just run `cargo build`, and it should work the right way.	With simple projects, Cargo doesn't bring a whole lot over just using `rustc`, but it will become useful in the future. With complex projects composed of multiple crates, it’s much easier to let Cargo coordinate the build. With Cargo, you can just run `cargo build`, and it should work the right way.
3ce00883844d	spelling	calcualtes	calculates	Here’s a short program which calcualtes the distance between two points. Put it into your `src/main.rs`:	Here’s a short program which calculates the distance between two points. Put it into your `src/main.rs`:
f67d7a7ac93a	spelling	defualts	defaults	So how do you choose from all these options? Well, if you really don’t know, the defualts are a good choice: integer types default to `i32`. The primary use case for `isize`/`usize` is when indexing some sort of collection. We’ll talk more about our first collection, arrays, in just a moment.	So how do you choose from all these options? Well, if you really don’t know, the defaults are a good choice: integer types default to `i32`. The primary use case for `isize`/`usize` is when indexing some sort of collection. We’ll talk more about our first collection, arrays, in just a moment.
5663b5e2dfb6	grammar-inflection	parenthesis:	parentheses:	Rust code uses `snake_case` as a style for function names: all lower case, with underscores separating words. (It also uses them for variable names, too.) We can can call any function we’ve defined by using its name and some parenthesis:	Rust code uses `snake_case` as a style for function names: all lower case, with underscores separating words. (It also uses them for variable names, too.) We can can call any function we’ve defined by using its name and some parentheses:
