# id	source	sentence	gold derivation skeleton (- if none of the six best readings is right)	note
ai-000	ai-prose/blog-post.md	In today's fast-paced world, the way we work is changing.	(flr-hd_nwh_c 0 15 (hd-cmp_u_c 0 8 (in 0 1) (sp-hd_n_c 1 8 (sp-hd_hc_c 1 3 (hdn_bnp-qnt_c 1 2 (today_np 1 2)) (apostrophe_s_12_lex 2 3)) (aj-hdn_norm_c 3 8 (sp-hd_hc_c 3 6 (fast_a1 3 4) (hd-cmp_u_c 4 6 (x_to_y_adj_- 4 5) (v_j-nb-pas-tr_dlr 5 6 (v_pas_odlr 5 6 (pace_v1 5 6))))) (hdn_optcmp_c 6 8 (hd-pct_c 6 8 (n_sg_ilr 6 7 (world_n1 6 7)) (comma_pct 7 8)))))) (sb-hd_nmc_c 8 15 (sp-hd_n_c 8 12 (the_1 8 9) (hd-cmp_u_c 9 12 (n_sg_ilr 9 10 (way_n3 9 10)) (sb-hd_nmc_c 10 12 (hdn_bnp-qnt_c 10 11 (we 10 11)) (hd_optcmp_c 11 12 (v_n3s-bse_ilr 11 12 (work_v1 11 12)))))) (hd-cmp_u_c 12 15 (be_c_is 12 13) (hd_xaj-int-vp_c 13 15 (hd-pct_c 13 15 (v_prp_olr 13 14 (change_v2 13 14)) (period_pct 14 15))))))	
ai-001	ai-prose/blog-post.md	It is important to note that remote work is not just a trend, but a fundamental shift in how teams operate.	-	not just X but Y read with but as a preposition
ai-002	ai-prose/blog-post.md	Studies show that remote workers are more productive.	(sb-hd_mc_c 0 9 (hdn_bnp_c 0 1 (hdn_optcmp_c 0 1 (n_pl_olr 0 1 (study_n1 0 1)))) (hd-cmp_u_c 1 9 (v_n3s-bse_ilr 1 2 (show_v5 1 2)) (hd-cmp_u_c 2 9 (that_comp 2 3) (sb-hd_nmc_c 3 9 (hdn_bnp_c 3 5 (aj-hdn_norm_c 3 5 (remote_isect 3 4) (n_pl_olr 4 5 (worker_n1 4 5)))) (hd-cmp_u_c 5 9 (be_c_are 5 6) (sp-hd_hc_c 6 9 (more_nc_deg 6 7) (hd_optcmp_c 7 9 (hd-pct_c 7 9 (productive_isect 7 8) (period_pct 8 9)))))))))	
ai-003	ai-prose/blog-post.md	Many experts believe that flexible schedules foster creativity, collaboration, and innovation.	(sb-hd_mc_c 0 14 (hdn_bnp_c 0 2 (aj-hdn_norm_c 0 2 (many_a1 0 1) (n_pl_olr 1 2 (expert_n1 1 2)))) (hd-cmp_u_c 2 14 (v_n3s-bse_ilr 2 3 (believe_v3 2 3)) (hd-cmp_u_c 3 14 (that_comp 3 4) (sb-hd_nmc_c 4 14 (hdn_bnp_c 4 6 (aj-hdn_norm_c 4 6 (flexible_a1 4 5) (n_pl_olr 5 6 (schedule_n1 5 6)))) (hd-cmp_u_c 6 14 (v_n3s-bse_ilr 6 7 (foster_v1 6 7)) (hdn_bnp_c 7 14 (n-n_crd-mass-t_c 7 14 (hd-pct_c 7 9 (n_ms_ilr 7 8 (creativity_n1 7 8)) (comma_pct 8 9)) (n-n_crd-m_c 9 14 (hdn_optcmp_c 9 11 (hd-pct_c 9 11 (n_ms-cnt_ilr 9 10 (collaboration_n1 9 10)) (comma_pct 10 11))) (mrk-nh_n_c 11 14 (and_conj 11 12) (hd-pct_c 12 14 (n_ms-cnt_ilr 12 13 (innovation_n1 12 13)) (period_pct 13 14)))))))))))	
ai-004	ai-prose/blog-post.md	Remote work may potentially reduce costs for a number of companies.	(sb-hd_mc_c 0 12 (hdn_bnp_c 0 2 (aj-hdn_norm_c 0 2 (remote_isect 0 1) (n_ms-cnt_ilr 1 2 (work_n1 1 2)))) (hd-cmp_u_c 2 12 (may_aux_pos 2 3) (aj-hd_int_c 3 12 (potentially_adv3 3 4) (hd-aj_int-unsl_c 4 12 (hd-cmp_u_c 4 6 (v_n3s-bse_ilr 4 5 (reduce_v1 4 5)) (hdn_bnp_c 5 6 (n_pl_olr 5 6 (cost_n1 5 6)))) (hd-cmp_u_c 6 12 (for 6 7) (sp-hd_n_c 7 12 (a_det 7 8) (hd-cmp_u_c 8 12 (n_sg_ilr 8 9 (number_n2 8 9)) (hd-cmp_u_c 9 12 (of_prtcl 9 10) (hdn_bnp_c 10 12 (hdn_optcmp_c 10 12 (hd-pct_c 10 12 (n_pl_olr 10 11 (company_n1 10 11)) (period_pct 11 12))))))))))))	
ai-005	ai-prose/blog-post.md	Let's explore the benefits in more detail.	(hd-cmp_u_c 0 9 (lets_6_u 0 2) (hd-aj_int-unsl_c 2 9 (hd-cmp_u_c 2 5 (v_n3s-bse_ilr 2 3 (explore_v1 2 3)) (sp-hd_n_c 3 5 (the_1 3 4) (n_pl_olr 4 5 (benefit_n2 4 5)))) (hd-cmp_u_c 5 9 (in 5 6) (hdn_bnp_c 6 9 (aj-hdn_norm_c 6 9 (hd_optcmp_c 6 7 (more_adj 6 7)) (hd-pct_c 7 9 (n_ms-cnt_ilr 7 8 (detail_n1 7 8)) (period_pct 8 9)))))))	
ai-006	ai-prose/blog-post.md	First, employees save time on commuting, allowing them to focus on meaningful work.	(flr-hd_nwh_c 0 16 (hd-pct_c 0 2 (first_adv1 0 1) (comma_pct 1 2)) (sb-hd_nmc_c 2 16 (hdn_bnp_c 2 3 (hdn_optcmp_c 2 3 (n_pl_olr 2 3 (employee_n1 2 3)))) (hd-aj_scp-pr_c 3 16 (hd-aj_int-unsl_c 3 8 (hd_xaj-int-vp_c 3 5 (hd-cmp_u_c 3 5 (v_n3s-bse_ilr 3 4 (save_v1 3 4)) (hdn_bnp_c 4 5 (n_ms_ilr 4 5 (time_n3 4 5))))) (hd-cmp_u_c 5 8 (on 5 6) (hdn_bnp-vger_c 6 8 (vp_np-ger_c 6 8 (hd_optcmp_c 6 8 (hd-pct_c 6 8 (v_prp_olr 6 7 (commute_v1 6 7)) (comma_pct 7 8))))))) (vp_sbrd-prd-prp_c 8 16 (hd-cmp_u_c 8 16 (hd-cmp_u_c 8 10 (v_prp_olr 8 9 (allow_v1 8 9)) (hdn_bnp-qnt_c 9 10 (them 9 10))) (hd-cmp_u_c 10 16 (to_c_prop 10 11) (hd-cmp_u_c 11 16 (v_n3s-bse_ilr 11 12 (focus_on_v1 11 12)) (hd-cmp_u_c 12 16 (on_prtcl 12 13) (hdn_bnp_c 13 16 (aj-hdn_norm_c 13 16 (meaningful_a1 13 14) (hd-pct_c 14 16 (n_ms-cnt_ilr 14 15 (work_n1 14 15)) (period_pct 15 16))))))))))))	allowing-clause not inside on commuting
ai-007	ai-prose/blog-post.md	Second, companies can hire from a wider pool of talent.	-	Second, read as a fronted object
ai-008	ai-prose/blog-post.md	Third, teams tend to communicate more deliberately when they write things down.	(flr-hd_nwh_c 0 14 (hd-pct_c 0 2 (third_adv1 0 1) (comma_pct 1 2)) (sb-hd_nmc_c 2 14 (hdn_bnp_c 2 3 (hdn_optcmp_c 2 3 (n_pl_olr 2 3 (team_n1 2 3)))) (hd_xaj-int-vp_c 3 14 (hd-cmp_u_c 3 14 (v_n3s-bse_ilr 3 4 (tend_v1 3 4)) (hd-cmp_u_c 4 14 (to_c_prop 4 5) (hd-aj_scp_c 5 14 (hd-cmp_u_c 5 8 (v_n3s-bse_ilr 5 6 (v_cp-frag_dlr 5 6 (communicate_v3 5 6))) (r_int-frg_c 6 8 (sp-hd_hc_c 6 8 (more_nc_deg 6 7) (deliberately_adv1 7 8)))) (hd-cmp_u_c 8 14 (when_subord 8 9) (sb-hd_nmc_c 9 14 (hdn_bnp-qnt_c 9 10 (they 9 10)) (hd-cmp_u_c 10 14 (hd-cmp_u_c 10 12 (v_n3s-bse_ilr 10 11 (write_down_v1 10 11)) (hdn_bnp_c 11 12 (hdn_optcmp_c 11 12 (n_pl_olr 11 12 (thing_n1 11 12))))) (hd-pct_c 12 14 (down_prtcl 12 13) (period_pct 13 14)))))))))))	
ai-009	ai-prose/blog-post.md	Managers seem to struggle with trust, and new hires can feel isolated.	(cl-cl_crd-t_c 0 14 (sb-hd_mc_c 0 7 (hdn_bnp_c 0 1 (hdn_optcmp_c 0 1 (n_pl_olr 0 1 (manager_n1 0 1)))) (hd-cmp_u_c 1 7 (hd_optcmp_c 1 2 (v_n3s-bse_ilr 1 2 (seem1 1 2))) (hd-cmp_u_c 2 7 (to_c_prop 2 3) (hd-aj_int-unsl_c 3 7 (v_n3s-bse_ilr 3 4 (struggle_v1 3 4)) (hd-cmp_u_c 4 7 (with_p 4 5) (hdn_bnp_c 5 7 (hd-pct_c 5 7 (n_ms-cnt_ilr 5 6 (trust_n1 5 6)) (comma_pct 6 7)))))))) (mrk-nh_cl_c 7 14 (and_conj 7 8) (sb-hd_mc_c 8 14 (hdn_bnp_c 8 10 (aj-hdn_norm_c 8 10 (new_a1 8 9) (n_pl_olr 9 10 (hire_n1 9 10)))) (hd-cmp_u_c 10 14 (can_aux_pos 10 11) (hd_optcmp_c 11 14 (hd-cmp_u_c 11 14 (v_n3s-bse_ilr 11 12 (feel_v4 11 12)) (hd-pct_c 12 14 (isolated_a1 12 13) (period_pct 13 14))))))))	
ai-010	ai-prose/blog-post.md	These issues were addressed by the leadership team in a series of workshops.	(sb-hd_mc_c 0 14 (sp-hd_n_c 0 2 (these_det 0 1) (n_pl_olr 1 2 (issue_n1 1 2))) (hd-cmp_u_c 2 14 (be_c_were 2 3) (hd-aj_int-unsl_c 3 14 (hd-cmp_u_c 3 8 (v_pas_odlr 3 4 (address_v2 3 4)) (hd-cmp_u_c 4 8 (by_pass_p 4 5) (sp-hd_n_c 5 8 (the_1 5 6) (n-hdn_cpd_c 6 8 (leadership_n1 6 7) (hdn_optcmp_c 7 8 (n_sg_ilr 7 8 (team_n1 7 8))))))) (hd-cmp_u_c 8 14 (in 8 9) (sp-hd_n_c 9 14 (a_det 9 10) (hd-cmp_u_c 10 14 (n_sg_ilr 10 11 (series_n2 10 11)) (hd-cmp_u_c 11 14 (of_prtcl 11 12) (hdn_bnp_c 12 14 (hd-pct_c 12 14 (n_pl_olr 12 13 (workshop_n1 12 13)) (period_pct 13 14))))))))))	in a series of workshops modifies addressed
ai-011	ai-prose/blog-post.md	In conclusion, remote work is a testament to the power of technology.	(flr-hd_nwh_c 0 14 (hd-cmp_u_c 0 3 (in 0 1) (hdn_bnp_c 1 3 (hdn_optcmp_c 1 3 (hd-pct_c 1 3 (n_ms-cnt_ilr 1 2 (conclusion_n1 1 2)) (comma_pct 2 3))))) (sb-hd_nmc_c 3 14 (hdn_bnp_c 3 5 (aj-hdn_norm_c 3 5 (remote_isect 3 4) (n_ms-cnt_ilr 4 5 (work_n1 4 5)))) (hd_xaj-int-vp_c 5 14 (hd-cmp_u_c 5 14 (be_id_is 5 6) (sp-hd_n_c 6 14 (a_det 6 7) (hdn-aj_redrel_c 7 14 (n_ms-cnt_ilr 7 8 (testament_n1 7 8)) (hd-cmp_u_c 8 14 (to_nmod 8 9) (sp-hd_n_c 9 14 (the_1 9 10) (hdn-aj_redrel_c 10 14 (n_ms-cnt_ilr 10 11 (power_n1 10 11)) (hd-cmp_u_c 11 14 (of_poss 11 12) (hdn_bnp_c 12 14 (hd-pct_c 12 14 (n_ms-cnt_ilr 12 13 (technology_n1 12 13)) (period_pct 13 14)))))))))))))	In conclusion is a separate phrase
ai-012	ai-prose/blog-post.md	It plays a crucial role in the ever-evolving landscape of modern business.	(sb-hd_mc_c 0 15 (hdn_bnp-qnt_c 0 1 (it2 0 1)) (hd-cmp_u_c 1 15 (v_3s-fin_olr 1 2 (play_v1 1 2)) (sp-hd_n_c 2 15 (a_det 2 3) (hdn-aj_redrel_c 3 15 (aj-hdn_norm_c 3 5 (j_att_dlr 3 4 (crucial_a1 3 4)) (hdn_optcmp_c 4 5 (n_sg_ilr 4 5 (role_n1 4 5)))) (hd-cmp_u_c 5 15 (in 5 6) (sp-hd_n_c 6 15 (the_1 6 7) (hdn-aj_redrel_c 7 15 (aj-hdn_norm_c 7 11 (aj-hd_int_c 7 10 (hd-pct_nobrk_c 7 9 (ever_adv1 7 8) (dash_pct 8 9)) (v_j-nb-prp-tr_dlr 9 10 (v_prp_olr 9 10 (evolve_v1 9 10)))) (n_ms-cnt_ilr 10 11 (landscape_n1 10 11))) (hd-cmp_u_c 11 15 (of_poss 11 12) (hdn_bnp_c 12 15 (aj-hdn_norm_c 12 15 (modern_isect 12 13) (hd-pct_c 13 15 (n_ms-cnt_ilr 13 14 (business_n1 13 14)) (period_pct 14 15))))))))))))	
ai-013	ai-prose/essay.md	Sleep arguably plays a pivotal role in memory.	(sb-hd_mc_c 0 9 (hdn_bnp_c 0 1 (n_ms-cnt_ilr 0 1 (sleep_n1 0 1))) (aj-hd_scp-xp_c 1 9 (arguably_adv1 1 2) (hd-cmp_u_c 2 9 (v_3s-fin_olr 2 3 (play_v1 2 3)) (sp-hd_n_c 3 9 (a_det 3 4) (hdn-aj_redrel_c 4 9 (aj-hdn_norm_c 4 6 (pivotal_a1 4 5) (hdn_optcmp_c 5 6 (n_sg_ilr 5 6 (role_n1 5 6)))) (hd-cmp_u_c 6 9 (in 6 7) (hdn_bnp_c 7 9 (hdn_optcmp_c 7 9 (hd-pct_c 7 9 (n_ms-cnt_ilr 7 8 (memory_n1 7 8)) (period_pct 8 9))))))))))	
ai-014	ai-prose/essay.md	It could be argued that sleep is the most underrated study tool.	(sb-hd_mc_c 0 13 (it 0 1) (hd-cmp_u_c 1 13 (could_aux_pos2 1 2) (hd-cmp_u_c 2 13 (be_c_be 2 3) (hd-cmp_u_c 3 13 (hd_optcmp_c 3 4 (hd_optcmp_c 3 4 (v_pas-cp_odlr 3 4 (argue_v1 3 4)))) (hd-cmp_u_c 4 13 (that_comp 4 5) (sb-hd_nmc_c 5 13 (hdn_bnp_c 5 6 (n_ms-cnt_ilr 5 6 (sleep_n1 5 6))) (hd-cmp_u_c 6 13 (be_id_is 6 7) (sp-hd_n_c 7 13 (the_1 7 8) (aj-hdn_adjn_c 8 13 (sp-hd_hc_c 8 10 (most_deg 8 9) (v_j-nb-pas-tr_dlr 9 10 (v_v-under_dlr 9 10 (v_pas_odlr 9 10 (rate_v1 9 10))))) (n-hdn_cpd_c 10 13 (hdn_optcmp_c 10 11 (study_n1 10 11)) (hd-pct_c 11 13 (n_sg_ilr 11 12 (tool_n1 11 12)) (period_pct 12 13))))))))))))	most underrated [study tool]
ai-015	ai-prose/essay.md	The relationship between sleep and memory is intricate and multifaceted.	(sb-hd_mc_c 0 11 (sp-hd_n_c 0 6 (the_1 0 1) (hdn-aj_redrel_c 1 6 (hdn_optcmp_c 1 2 (n_ms-cnt_ilr 1 2 (relationship_n1 1 2))) (hd-cmp_u_c 2 6 (between_p1_nbar 2 3) (n-n_crd-t_c 3 6 (n_ms-cnt_ilr 3 4 (sleep_n1 3 4)) (mrk-nh_n_c 4 6 (and_conj 4 5) (hdn_optcmp_c 5 6 (n_ms-cnt_ilr 5 6 (memory_n1 5 6)))))))) (hd-cmp_u_c 6 11 (be_c_is 6 7) (jpr-jpr_crd-t_c 7 11 (intricate_a1 7 8) (mrk-nh_evnt_c 8 11 (and_conj 8 9) (hd_optcmp_c 9 11 (hd-pct_c 9 11 (generic_trans_verb_pas 9 10) (period_pct 10 11)))))))	between [sleep and memory]; [intricate and multifaceted] coordinated adjectives (participle)
ai-016	ai-prose/essay.md	During deep sleep, the brain seems to replay the day's experiences.	(flr-hd_nwh_c 0 14 (hd-cmp_u_c 0 4 (during 0 1) (hdn_bnp_c 1 4 (aj-hdn_norm_c 1 4 (deep_a1 1 2) (hd-pct_c 2 4 (n_ms-cnt_ilr 2 3 (sleep_n1 2 3)) (comma_pct 3 4))))) (sb-hd_nmc_c 4 14 (sp-hd_n_c 4 6 (the_1 4 5) (n_sg_ilr 5 6 (brain_n1 5 6))) (hd_xaj-int-vp_c 6 14 (hd-cmp_u_c 6 14 (hd_optcmp_c 6 7 (v_3s-fin_olr 6 7 (seem1 6 7))) (hd-cmp_u_c 7 14 (to_c_prop 7 8) (hd-cmp_u_c 8 14 (v_v-re_dlr 8 9 (v_n3s-bse_ilr 8 9 (play_v1 8 9))) (sp-hd_n_c 9 14 (sp-hd_hc_c 9 12 (sp-hd_n_c 9 11 (the_1 9 10) (hdn_optcmp_c 10 11 (n_sg_ilr 10 11 (day_n 10 11)))) (apostrophe_s_12_lex 11 12)) (hd-pct_c 12 14 (n_pl_olr 12 13 (experience_n2 12 13)) (period_pct 13 14)))))))))	
ai-017	ai-prose/essay.md	This process is likely to strengthen the connections that matter.	(sb-hd_mc_c 0 11 (sp-hd_n_c 0 2 (this_det 0 1) (hdn_optcmp_c 1 2 (n_ms-cnt_ilr 1 2 (process_n1 1 2)))) (hd-cmp_u_c 2 11 (be_c_is 2 3) (hd-cmp_u_c 3 11 (likely_a2 3 4) (hd-cmp_u_c 4 11 (to_c_prop 4 5) (hd-cmp_u_c 5 11 (v_n3s-bse_ilr 5 6 (strengthen_v1 5 6)) (sp-hd_n_c 6 11 (the_1 6 7) (hdn-aj_rc_c 7 11 (hdn_optcmp_c 7 8 (n_pl_olr 7 8 (connection_n1 7 8))) (flr-hd_rel-fin_c 8 11 (that_r 8 9) (hd_xsb-fin_c 9 11 (hd-pct_c 9 11 (v_n3s-bse_ilr 9 10 (matter_v1 9 10)) (period_pct 10 11)))))))))))	the connections [that matter]
ai-018	ai-prose/essay.md	Numerous studies suggest that even a short nap can help.	(sb-hd_mc_c 0 11 (hdn_bnp_c 0 2 (aj-hdn_norm_c 0 2 (numerous_a1 0 1) (hdn_optcmp_c 1 2 (n_pl_olr 1 2 (study_n1 1 2))))) (hd-cmp_u_c 2 11 (hd_optcmp_c 2 3 (v_n3s-bse_ilr 2 3 (suggest_v3 2 3))) (hd-cmp_u_c 3 11 (that_comp 3 4) (sb-hd_nmc_c 4 11 (sp-hd_n_c 4 8 (sp-hd_hc_c 4 6 (even_deg2 4 5) (a_det 5 6)) (aj-hdn_norm_c 6 8 (j_att_dlr 6 7 (short_a1 6 7)) (n_sg_ilr 7 8 (nap_n1 7 8)))) (hd-cmp_u_c 8 11 (can_aux_pos 8 9) (hd_optcmp_c 9 11 (hd-pct_c 9 11 (v_n3s-bse_ilr 9 10 (help_v1 9 10)) (period_pct 10 11))))))))	
ai-019	ai-prose/essay.md	Students who nap might possibly perform better on tests.	(sb-hd_mc_c 0 10 (hdn_bnp_c 0 3 (hdn-aj_rc_c 0 3 (hdn_optcmp_c 0 1 (n_pl_olr 0 1 (student_n1 0 1))) (flr-hd_rel-fin_c 1 3 (who2 1 2) (hd_xsb-fin_c 2 3 (v_n3s-bse_ilr 2 3 (nap_v1 2 3)))))) (hd-cmp_u_c 3 10 (might_aux_pos 3 4) (aj-hd_scp-xp_c 4 10 (possibly_adv1 4 5) (hd-aj_int-unsl_c 5 10 (hd-aj_int-unsl_c 5 7 (hd_optcmp_c 5 6 (v_n3s-bse_ilr 5 6 (perform_v1 5 6))) (better_adv1 6 7)) (hd-cmp_u_c 7 10 (on 7 8) (hdn_bnp_c 8 10 (hdn_optcmp_c 8 10 (hd-pct_c 8 10 (n_pl_olr 8 9 (test_n1 8 9)) (period_pct 9 10)))))))))	
ai-020	ai-prose/essay.md	To some extent, the evidence is mixed.	(aj-hd_scp_c 0 9 (hd-cmp_u_c 0 4 (to_s_init 0 1) (sp-hd_n_c 1 4 (some_indiv 1 2) (hdn_optcmp_c 2 4 (hd-pct_c 2 4 (n_sg_ilr 2 3 (extent_n1 2 3)) (comma_pct 3 4))))) (sb-hd_mc_c 4 9 (sp-hd_n_c 4 6 (the_1 4 5) (hdn_optcmp_c 5 6 (n_ms_ilr 5 6 (evidence_n1 5 6)))) (hd-cmp_u_c 6 9 (be_c_is 6 7) (hd_optcmp_c 7 9 (hd-pct_c 7 9 (v_pas_odlr 7 8 (mix_v1 7 8)) (period_pct 8 9))))))	
ai-021	ai-prose/product-launch.md	We are thrilled to unveil Flowboard, a groundbreaking platform that seamlessly integrates your tools.	(sb-hd_mc_c 0 16 (hdn_bnp-qnt_c 0 1 (we 0 1)) (hd-cmp_u_c 1 16 (be_c_are 1 2) (hd-cmp_u_c 2 16 (thrilled_a2 2 3) (hd-cmp_u_c 3 16 (to_c_prop 3 4) (hd-cmp_u_c 4 16 (v_n3s-bse_ilr 4 5 (unveil_v1 4 5)) (hdn-np_app-idf_c 5 16 (hdn_bnp-pn_c 5 7 (hd-pct_c 5 7 (n_sg_ilr 5 6 (generic_proper_ne 5 6)) (comma_pct 6 7))) (sp-hd_n_c 7 16 (a_det 7 8) (hdn-aj_rc_c 8 16 (aj-hdn_norm_c 8 10 (v_j-nb-prp-tr_dlr 8 9 (generic_trans_verb_prp 8 9)) (n_sg_ilr 9 10 (platform_n1 9 10))) (flr-hd_rel-fin_c 10 16 (that_r 10 11) (hd_xsb-fin_c 11 16 (aj-hd_int_c 11 16 (seamlessly_adv1 11 12) (hd-cmp_u_c 12 16 (v_3s-fin_olr 12 13 (integrate_v2 12 13)) (sp-hd_n_c 13 16 (your 13 14) (hd-pct_c 14 16 (n_pl_olr 14 15 (tool_n1 14 15)) (period_pct 15 16)))))))))))))))	unveil_v1, not un- + veil
ai-022	ai-prose/product-launch.md	Flowboard empowers teams to harness the full potential of their data.	(sb-hd_mc_c 0 12 (hdn_bnp-pn_c 0 1 (n_sg_ilr 0 1 (generic_proper_ne 0 1))) (hd-cmp_u_c 1 12 (hd-cmp_u_c 1 3 (v_3s-fin_olr 1 2 (empower_v2 1 2)) (hdn_bnp_c 2 3 (hdn_optcmp_c 2 3 (n_pl_olr 2 3 (team_n1 2 3))))) (hd-cmp_u_c 3 12 (to_c_prop 3 4) (hd-cmp_u_c 4 12 (v_n3s-bse_ilr 4 5 (harness_v1 4 5)) (sp-hd_n_c 5 12 (the_1 5 6) (hdn-aj_redrel_c 6 12 (aj-hdn_norm_c 6 8 (j_att_dlr 6 7 (full_a1 6 7)) (n_ms-cnt_ilr 7 8 (potential_n1 7 8))) (hd-cmp_u_c 8 12 (of_poss 8 9) (sp-hd_n_c 9 12 (their 9 10) (hd-pct_c 10 12 (n_pl-irreg-noaff_olr 10 11 (data_n1 10 11)) (period_pct 11 12))))))))))	
ai-023	ai-prose/product-launch.md	Flowboard is not merely a dashboard — it is a holistic workspace.	(cl-cl_runon_c 0 13 (sb-hd_mc_c 0 7 (hdn_bnp-pn_c 0 1 (n_sg_ilr 0 1 (generic_proper_ne 0 1))) (hd-cmp_u_c 1 7 (hd-cmp_u_c 1 3 (v_aux-advadd_dlr 1 2 (be_id_is 1 2)) (not 2 3)) (sp-hd_n_c 3 7 (sp-hd_hc_c 3 5 (merely_deg 3 4) (a_det 4 5)) (hd-pct_nobrk_c 5 7 (n_sg_ilr 5 6 (dashboard_n1 5 6)) (s_mdash_pct 6 7))))) (sb-hd_mc_c 7 13 (hdn_bnp-qnt_c 7 8 (it2 7 8)) (hd-cmp_u_c 8 13 (be_id_is 8 9) (sp-hd_n_c 9 13 (a_det 9 10) (aj-hdn_norm_c 10 13 (holistic_a1 10 11) (hd-pct_c 11 13 (n_sg_ilr 11 12 (workspace_n1 11 12)) (period_pct 12 13)))))))	two clauses joined by the dash
ai-024	ai-prose/product-launch.md	With a wide range of integrations, it fits into any workflow.	(flr-hd_nwh_c 0 13 (hd-cmp_u_c 0 7 (with_p 0 1) (sp-hd_n_c 1 7 (a_det 1 2) (aj-hdn_norm_c 2 7 (wide_isect 2 3) (hd-cmp_u_c 3 7 (n_sg_ilr 3 4 (range_n2 3 4)) (hd-cmp_u_c 4 7 (of_prtcl 4 5) (hdn_bnp_c 5 7 (hdn_optcmp_c 5 7 (hd-pct_c 5 7 (n_pl_olr 5 6 (integration_n1 5 6)) (comma_pct 6 7))))))))) (sb-hd_nmc_c 7 13 (hdn_bnp-qnt_c 7 8 (it2 7 8)) (hd_xaj-int-vp_c 8 13 (hd-cmp_u_c 8 13 (v_3s-fin_olr 8 9 (fit_into_v1 8 9)) (hd-cmp_u_c 9 13 (into_prtcl 9 10) (sp-hd_n_c 10 13 (any_det 10 11) (hd-pct_c 11 13 (n_ms-cnt_ilr 11 12 (workflow_n1 11 12)) (period_pct 12 13))))))))	
ai-025	ai-prose/product-launch.md	Our meticulous design process ensured that every detail was considered.	(sb-hd_mc_c 0 11 (sp-hd_n_c 0 4 (our 0 1) (n-hdn_cpd_c 1 4 (generic_mass_count_noun 1 2) (n-hdn_cpd_c 2 4 (hdn_optcmp_c 2 3 (design_n1 2 3)) (hdn_optcmp_c 3 4 (n_ms-cnt_ilr 3 4 (process_n1 3 4)))))) (hd-cmp_u_c 4 11 (v_pst_olr 4 5 (ensure_v1 4 5)) (hd-cmp_u_c 5 11 (that_comp 5 6) (sb-hd_nmc_c 6 11 (sp-hd_n_c 6 8 (every 6 7) (n_ms-cnt_ilr 7 8 (detail_n1 7 8))) (hd-cmp_u_c 8 11 (be_c_was 8 9) (hd_optcmp_c 9 11 (hd-pct_c 9 11 (v_pas_odlr 9 10 (consider_v5 9 10)) (period_pct 10 11))))))))	
ai-026	ai-prose/product-launch.md	Flowboard is clearly the best choice for modern teams.	(sb-hd_mc_c 0 10 (hdn_bnp-pn_c 0 1 (n_sg_ilr 0 1 (generic_proper_ne 0 1))) (hd-cmp_u_c 1 10 (hd-cmp_u_c 1 3 (v_aux-advadd_dlr 1 2 (be_id_is 1 2)) (clearly_adv1 2 3)) (sp-hd_n_c 3 10 (the_1 3 4) (hdn-aj_redrel_c 4 10 (aj-hdn_norm_c 4 6 (best_a1 4 5) (hdn_optcmp_c 5 6 (n_ms-cnt_ilr 5 6 (choice_n1 5 6)))) (hd-cmp_u_c 6 10 (for 6 7) (hdn_bnp_c 7 10 (aj-hdn_norm_c 7 10 (modern_isect 7 8) (hdn_optcmp_c 8 10 (hd-pct_c 8 10 (n_pl_olr 8 9 (team_n1 8 9)) (period_pct 9 10))))))))))	the best choice [for modern teams]
ai-027	ai-prose/product-launch.md	It is widely believed that dashboards are hard to set up, but Flowboard changes that.	(cl-cl_crd-t_c 0 17 (sb-hd_mc_c 0 12 (it 0 1) (hd-cmp_u_c 1 12 (be_c_is 1 2) (aj-hd_int_c 2 12 (widely 2 3) (hd-cmp_u_c 3 12 (hd_optcmp_c 3 4 (v_pas-cp_odlr 3 4 (believe_v3 3 4))) (hd-cmp_u_c 4 12 (that_comp 4 5) (sb-hd_nmc_c 5 12 (hdn_bnp_c 5 6 (n_pl_olr 5 6 (dashboard_n1 5 6))) (hd-cmp_u_c 6 12 (be_c_are 6 7) (hd-cmp_u_c 7 12 (hd_optcmp_c 7 8 (j_tough_dlr 7 8 (hard_a2 7 8))) (hd-cmp_u_c 8 12 (to_c_prop 8 9) (hd-cmp_u_c 9 12 (hd_xcmp_c 9 10 (v_n3s-bse_ilr 9 10 (set_up_v1 9 10))) (hd-pct_c 10 12 (up_prtcl 10 11) (comma_pct 11 12)))))))))))) (mrk-nh_cl_c 12 17 (but_conj 12 13) (sb-hd_mc_c 13 17 (hdn_bnp-pn_c 13 14 (n_sg_ilr 13 14 (generic_proper_ne 13 14))) (hd-cmp_u_c 14 17 (v_3s-fin_olr 14 15 (change_v1 14 15)) (hdn_bnp-qnt_c 15 17 (hdn_optcmp_c 15 17 (hd-pct_c 15 17 (that_deix 15 16) (period_pct 16 17))))))))	set up as a phrasal verb
ai-028	ai-prose/product-launch.md	I hope this helps you decide.	(sb-hd_mc_c 0 7 (hdn_bnp-qnt_c 0 1 (i 0 1)) (hd-cmp_u_c 1 7 (v_n3s-bse_ilr 1 2 (hope_v3 1 2)) (sb-hd_nmc_c 2 7 (hdn_bnp-qnt_c 2 3 (hdn_optcmp_c 2 3 (this_deix 2 3))) (hd-cmp_u_c 3 7 (hd-cmp_u_c 3 5 (v_3s-fin_olr 3 4 (help_v4 3 4)) (hdn_bnp-qnt_c 4 5 (you 4 5))) (hd_optcmp_c 5 7 (hd-pct_c 5 7 (v_n3s-bse_ilr 5 6 (decide_v2 5 6)) (period_pct 6 7)))))))	
ai-029	ai-prose/product-launch.md	Feel free to ask if you have any other questions.	(hd_imp_c 0 11 (hd_optcmp_c 0 11 (hd-cmp_u_c 0 11 (v_n3s-bse_ilr 0 1 (feel_v4 0 1)) (hd-aj_scp_c 1 11 (hd-cmp_u_c 1 4 (free_a2 1 2) (hd-cmp_u_c 2 4 (to_c_prop 2 3) (hd_optcmp_c 3 4 (hd_optcmp_c 3 4 (v_n3s-bse_ilr 3 4 (ask_v1 3 4)))))) (hd-cmp_u_c 4 11 (if_subconj_unspec 4 5) (sb-hd_nmc_c 5 11 (hdn_bnp-qnt_c 5 6 (you 5 6)) (hd-cmp_u_c 6 11 (v_n3s-bse_ilr 6 7 (have-poss 6 7)) (sp-hd_n_c 7 11 (any_det 7 8) (aj-hdn_norm_c 8 11 (other_a1 8 9) (hdn_optcmp_c 9 11 (hd-pct_c 9 11 (n_pl_olr 9 10 (question_n1 9 10)) (period_pct 10 11))))))))))))	if-clause is a condition, not what to ask
ai-030	ai-prose/release-notes.md	This release delivers a myriad of improvements.	(sb-hd_mc_c 0 8 (sp-hd_n_c 0 2 (this_det 0 1) (hdn_optcmp_c 1 2 (n_ms-cnt_ilr 1 2 (release_n1 1 2)))) (hd-cmp_u_c 2 8 (v_3s-fin_olr 2 3 (deliver_v1 2 3)) (sp-hd_n_c 3 8 (a_det 3 4) (hd-cmp_u_c 4 8 (n_sg_ilr 4 5 (myriad_n1 4 5)) (hd-cmp_u_c 5 8 (of_prtcl 5 6) (hdn_bnp_c 6 8 (hd-pct_c 6 8 (n_pl_olr 6 7 (improvement_n1 6 7)) (period_pct 7 8))))))))	
ai-031	ai-prose/release-notes.md	We have made the the installer faster, and we fixed a bug that caused crashes on startup.	(cl-cl_crd-t_c 0 19 (sb-hd_mc_c 0 8 (hdn_bnp-qnt_c 0 1 (we 0 1)) (hd-cmp_u_c 1 8 (have_fin_aux 1 2) (hd-cmp_u_c 2 8 (hd-cmp_u_c 2 6 (v_psp_olr 2 3 (make_v4 2 3)) (sp-hd_n_c 3 6 (the_stutter_3_rbst 3 5) (n_ms-cnt_ilr 5 6 (generic_mass_count_noun 5 6)))) (hd_optcmp_c 6 8 (hd-pct_c 6 8 (faster_a1 6 7) (comma_pct 7 8)))))) (mrk-nh_cl_c 8 19 (and_conj 8 9) (sb-hd_mc_c 9 19 (hdn_bnp-qnt_c 9 10 (we 9 10)) (hd-cmp_u_c 10 19 (v_pst_olr 10 11 (fix_v1 10 11)) (sp-hd_n_c 11 19 (a_det 11 12) (hdn-aj_rc_c 12 19 (n_sg_ilr 12 13 (bug_n1 12 13)) (flr-hd_rel-fin_c 13 19 (that_r 13 14) (hd_xsb-fin_c 14 19 (hd-aj_int-unsl_c 14 19 (hd-cmp_u_c 14 16 (v_pst_olr 14 15 (cause_v2 14 15)) (hdn_bnp_c 15 16 (n_pl_olr 15 16 (crash_n 15 16)))) (hd-cmp_u_c 16 19 (on 16 17) (hdn_bnp_c 17 19 (hd-pct_c 17 19 (n_ms-cnt_ilr 17 18 (startup_n1 17 18)) (period_pct 18 19)))))))))))))	
ai-032	ai-prose/release-notes.md	The configuration file is now validated before it is loaded.	(hd-aj_scp_c 0 11 (sb-hd_mc_c 0 6 (sp-hd_n_c 0 3 (the_1 0 1) (n-hdn_cpd_c 1 3 (hdn_optcmp_c 1 2 (configuration_n1 1 2)) (hdn_optcmp_c 2 3 (n_sg_ilr 2 3 (file_n1 2 3))))) (hd-cmp_u_c 3 6 (be_c_is 3 4) (aj-hd_int_c 4 6 (now_adv2 4 5) (hd_optcmp_c 5 6 (v_pas_odlr 5 6 (validate_v1 5 6)))))) (hd-cmp_u_c 6 11 (before2 6 7) (sb-hd_nmc_c 7 11 (hdn_bnp-qnt_c 7 8 (it2 7 8)) (hd-cmp_u_c 8 11 (be_c_is 8 9) (hd_optcmp_c 9 11 (hd-pct_c 9 11 (v_pas_odlr 9 10 (load_v1 9 10)) (period_pct 10 11)))))))	
ai-033	ai-prose/release-notes.md	Errors are reported with a line number.	(sb-hd_mc_c 0 8 (hdn_bnp_c 0 1 (n_pl_olr 0 1 (error_n1 0 1))) (hd-cmp_u_c 1 8 (be_c_are 1 2) (hd-cmp_u_c 2 8 (hd_optcmp_c 2 3 (v_pas_odlr 2 3 (report_v4 2 3))) (hd-cmp_u_c 3 8 (with_p 3 4) (sp-hd_n_c 4 8 (a_det 4 5) (n-hdn_cpd_c 5 8 (line_n1 5 6) (hd-pct_c 6 8 (n_sg_ilr 6 7 (number_n1 6 7)) (period_pct 7 8))))))))	
ai-034	ai-prose/release-notes.md	Due to the fact that some users relied on the old behavior, the check can be disabled.	(aj-hd_scp_c 0 19 (j_sbrd-pre_c 0 13 (hd-aj_int-unsl_c 0 13 (due_a4 0 1) (hd-cmp_u_c 1 13 (to 1 2) (sp-hd_n_c 2 13 (the_1 2 3) (hd-cmp_u_c 3 13 (n_sg_ilr 3 4 (fact_n2 3 4)) (hd-cmp_u_c 4 13 (that_comp 4 5) (sb-hd_nmc_c 5 13 (sp-hd_n_c 5 7 (some 5 6) (hdn_optcmp_c 6 7 (n_pl_olr 6 7 (user_n1 6 7)))) (hd-cmp_u_c 7 13 (v_pst_olr 7 8 (rely_on_v1 7 8)) (hd-cmp_u_c 8 13 (on_prtcl 8 9) (sp-hd_n_c 9 13 (the_1 9 10) (aj-hdn_norm_c 10 13 (old_a1 10 11) (hd-pct_c 11 13 (n_ms-cnt_ilr 11 12 (behavior_n1 11 12)) (comma_pct 12 13))))))))))))) (sb-hd_mc_c 13 19 (sp-hd_n_c 13 15 (the_1 13 14) (hdn_optcmp_c 14 15 (n_sg_ilr 14 15 (check_n 14 15)))) (hd-cmp_u_c 15 19 (can_aux_pos 15 16) (hd-cmp_u_c 16 19 (be_c_be 16 17) (hd_optcmp_c 17 19 (hd-pct_c 17 19 (v_pas_odlr 17 18 (disable_v1 17 18)) (period_pct 18 19)))))))	
ai-035	ai-prose/release-notes.md	The colour of the progress bar can now be changed.	(sb-hd_mc_c 0 11 (sp-hd_n_c 0 6 (the_1 0 1) (hdn-aj_redrel_c 1 6 (n_ms-cnt_ilr 1 2 (color_n1_br 1 2)) (hd-cmp_u_c 2 6 (of_poss 2 3) (sp-hd_n_c 3 6 (the_1 3 4) (n-hdn_cpd_c 4 6 (progress_n1 4 5) (n_sg_ilr 5 6 (bar_n1 5 6))))))) (hd-cmp_u_c 6 11 (can_aux_pos 6 7) (aj-hd_int_c 7 11 (now_adv2 7 8) (hd-cmp_u_c 8 11 (be_c_be 8 9) (hd_optcmp_c 9 11 (hd-pct_c 9 11 (v_pas_odlr 9 10 (change_v1 9 10)) (period_pct 10 11)))))))	
ai-036	beemo/741	Summer's heat comes fast and soon, As plants and flowers take their final bow.	(hd-aj_scp-pr-mc_c 0 17 (sb-hd_mc_c 0 8 (sp-hd_n_c 0 3 (sp-hd_hc_c 0 2 (hdn_bnp-pn_c 0 1 (n_sg_ilr 0 1 (summer_pn1 0 1))) (apostrophe_s_12_lex 1 2)) (n_ms_ilr 2 3 (heat_n1 2 3))) (hd-aj_int-unsl_c 3 8 (hd_optcmp_c 3 4 (v_3s-fin_olr 3 4 (come_v1 3 4))) (pp-pp_crd-t_c 4 8 (fast 4 5) (mrk-nh_evnt_c 5 8 (and_conj 5 6) (np_adv_c 6 8 (hdn_bnp-qnt_c 6 8 (hd-pct_c 6 8 (soon_adv1 6 7) (comma_pct 7 8)))))))) (hd-cmp_u_c 8 17 (as_subord 8 9) (sb-hd_nmc_c 9 17 (hdn_bnp_c 9 12 (n-n_crd-div-t_c 9 12 (n_pl_olr 9 10 (plant_n1 9 10)) (mrk-nh_n_c 10 12 (and_conj 10 11) (n_pl_olr 11 12 (flower_n1 11 12))))) (hd-cmp_u_c 12 17 (v_n3s-bse_ilr 12 13 (take_v1 12 13)) (sp-hd_n_c 13 17 (their 13 14) (aj-hdn_norm_c 14 17 (final_a1 14 15) (hd-pct_c 15 17 (n_sg_ilr 15 16 (bow_n1 15 16)) (period_pct 16 17))))))))	As-clause is a clause
ai-037	beemo/305	Barry walked past the towering oak tree every day, his mind consumed with the hustle and bustle of life.	(hd-aj_scp_c 0 21 (sb-hd_mc_c 0 13 (hdn_bnp-pn_c 0 1 (n_sg_ilr 0 1 (barry_n1 0 1))) (hd-aj_scp-pr_c 1 13 (hd-cmp_u_c 1 10 (v_pst_olr 1 2 (walk_v1 1 2)) (hd-aj_int-unsl_c 2 10 (hd-cmp_u_c 2 7 (past 2 3) (sp-hd_n_c 3 7 (the_1 3 4) (n-hdn_cpd_c 4 7 (aj-hdn_norm_c 4 6 (v_j-nb-prp-tr_dlr 4 5 (v_prp_olr 4 5 (tower_over_v1 4 5))) (oak_n1 5 6)) (hdn_optcmp_c 6 7 (n_sg_ilr 6 7 (tree_n1 6 7)))))) (np_adv_c 7 10 (sp-hd_n_c 7 10 (every 7 8) (hdn_optcmp_c 8 10 (hd-pct_c 8 10 (n_sg_ilr 8 9 (day_n 8 9)) (comma_pct 9 10))))))) (np-prdp_vpmod_c 10 13 (sp-hd_n_c 10 12 (his_poss 10 11) (n_ms-cnt_ilr 11 12 (mind_n1 11 12))) (hd_optcmp_c 12 13 (v_pas_odlr 12 13 (consume_v1 12 13)))))) (hd-cmp_u_c 13 21 (hd-cmp_u_c 13 18 (with_subord 13 14) (sp-hd_n_c 14 18 (the_1 14 15) (n-n_crd-div-t_c 15 18 (n_ms-cnt_ilr 15 16 (hustle_n1 15 16)) (mrk-nh_n_c 16 18 (and_conj 16 17) (n_ms-cnt_ilr 17 18 (bustle_n1 17 18)))))) (hd-cmp_u_c 18 21 (of_poss 18 19) (hdn_bnp_c 19 21 (hdn_optcmp_c 19 21 (hd-pct_c 19 21 (n_ms-cnt_ilr 19 20 (life_n1 19 20)) (period_pct 20 21)))))))	partial: [hustle and bustle] of life; towering [oak tree] not offered with it
ai-038	beemo/216	Your Highness, silence must be maintained lest we grow a legion of women claiming to have kissed a prince in its earliest stages.	-	vocative Your Highness read as a compound noun
ai-039	beemo/640	The grass, which had appeared so soft and inviting from a distance, was coated in a thin layer of dew that made each step slippery and treacherous.	(sb-hd_mc_c 0 30 (sp-hd_n_c 0 14 (the_1 0 1) (hdn-aj_rc-pr_c 1 14 (hd-pct_c 1 3 (n_ms-cnt_ilr 1 2 (grass_n1 1 2)) (comma_pct 2 3)) (flr-hd_rel-fin_c 3 14 (which_r 3 4) (hd_xsb-fin_c 4 14 (hd-cmp_u_c 4 14 (had_aux 4 5) (hd-aj_int-unsl_c 5 14 (hd-cmp_u_c 5 10 (v_psp_olr 5 6 (appear_v6 5 6)) (sp-hd_hc_c 6 10 (so_deg_nc 6 7) (j-j_crd-prd-t_c 7 10 (soft_a1 7 8) (mrk-nh_evnt_c 8 10 (and_conj 8 9) (inviting_a1 9 10))))) (hd-cmp_u_c 10 14 (from 10 11) (sp-hd_n_c 11 14 (a_det 11 12) (hd-pct_c 12 14 (n_ms-cnt_ilr 12 13 (distance_n1 12 13)) (comma_pct 13 14)))))))))) (hd-cmp_u_c 14 30 (be_c_was 14 15) (jpr-vpr_crd-t_c 15 30 (hd-aj_int-unsl_c 15 27 (hd_optcmp_c 15 16 (v_pas_odlr 15 16 (coat_v1 15 16))) (hd-cmp_u_c 16 27 (in 16 17) (sp-hd_n_c 17 27 (a_det 17 18) (hdn-aj_rc_c 18 27 (aj-hdn_norm_c 18 22 (thin_a1 18 19) (hd-cmp_u_c 19 22 (n_sg_ilr 19 20 (layer_n1 19 20)) (hd-cmp_u_c 20 22 (of_prtcl 20 21) (hdn_bnp_c 21 22 (n_ms-cnt_ilr 21 22 (dew_n1 21 22)))))) (flr-hd_rel-fin_c 22 27 (that_r 22 23) (hd_xsb-fin_c 23 27 (hd-aj_scp_c 23 27 (hd-cmp_u_c 23 26 (v_pst_olr 23 24 (make_v1 23 24)) (sp-hd_n_c 24 26 (each 24 25) (n_sg_ilr 25 26 (step_n3 25 26)))) (vp_sbrd-prd-aj_c 26 27 (slippery_a1 26 27))))))))) (mrk-nh_evnt_c 27 30 (and_conj 27 28) (hd-pct_c 28 30 (treacherous_a1 28 29) (period_pct 29 30))))))	
ai-040	beemo/368	Our state-of-the-art technology is 100% safe and secure, and our team of experts are on hand to guide you through the process every step of the way.	-	state-of-the-art split apart
ai-041	beemo/411	Plus, it's always more fun to cook when we know that you'll be joining us!	(flr-hd_nwh_c 0 19 (np_adv-mnp_c 0 2 (hdn_bnp-num_c 0 2 (hdn_np-num_c 0 2 (hd-pct_c 0 2 (plus_adj 0 1) (comma_pct 1 2))))) (sb-hd_nmc_c 2 19 (it 2 3) (hd-cmp_u_c 3 19 (v_aux-cx-noinv_dlr 3 4 (be_c_is_cx_3 3 4)) (aj-hd_int_c 4 19 (hd-cmp_u_c 4 6 (j_enough_dlr 4 5 (always_adv3 4 5)) (more_deg 5 6)) (hd-cmp_u_c 6 19 (hd_optcmp_c 6 7 (fun_a2 6 7)) (hd-cmp_u_c 7 19 (to_c_prop 7 8) (hd-aj_scp_c 8 19 (hd_xaj-int-vp_c 8 9 (hd_optcmp_c 8 9 (v_n3s-bse_ilr 8 9 (cook_v1 8 9)))) (hd-cmp_u_c 9 19 (when_subord 9 10) (sb-hd_nmc_c 10 19 (hdn_bnp-qnt_c 10 11 (we 10 11)) (hd-cmp_u_c 11 19 (v_n3s-bse_ilr 11 12 (know_v2 11 12)) (hd-cmp_u_c 12 19 (that_comp 12 13) (sb-hd_nmc_c 13 19 (hdn_bnp-qnt_c 13 14 (you 13 14)) (hd-cmp_u_c 14 19 (v_aux-cx-noinv_dlr 14 15 (will_aux_pos_cx_3 14 15)) (hd-cmp_u_c 15 19 (be_c_be 15 16) (hd-cmp_u_c 16 19 (v_prp_olr 16 17 (join_v1 16 17)) (hdn_bnp-qnt_c 17 19 (hd-pct_c 17 19 (us 17 18) (bang_pct 18 19))))))))))))))))))	it's [always more fun to cook ...]
ai-042	beemo/354	The eclipse was beautiful, with the sun slowly disappearing behind the moon.	(hd-aj_scp-pr-mc_c 0 14 (sb-hd_mc_c 0 5 (sp-hd_n_c 0 2 (the_1 0 1) (n_ms-cnt_ilr 1 2 (eclipse_n1 1 2))) (hd-cmp_u_c 2 5 (be_c_was 2 3) (hd-pct_c 3 5 (beautiful_a1 3 4) (comma_pct 4 5)))) (hd-cmp_u_c 5 14 (hd-cmp_u_c 5 8 (with_subord 5 6) (sp-hd_n_c 6 8 (the_1 6 7) (n_ms-cnt_ilr 7 8 (sun_n1 7 8)))) (aj-hd_int_c 8 14 (slowly_adv1 8 9) (hd-cmp_u_c 9 14 (v_prp_olr 9 10 (disappear_v1 9 10)) (hd-cmp_u_c 10 14 (behind 10 11) (sp-hd_n_c 11 14 (the_1 11 12) (hd-pct_c 12 14 (n_sg_ilr 12 13 (moon_n1 12 13)) (period_pct 13 14))))))))	sun_n1, not Sunday
ai-043	beemo/215	Believe in yourself, stay motivated, and keep pushing forward.	(hd_imp_c 0 12 (vp-vp_crd-fin-t_c 0 12 (hd-cmp_u_c 0 4 (v_n3s-bse_ilr 0 1 (believe_in_v1 0 1)) (hd-cmp_u_c 1 4 (in_prtcl 1 2) (hdn_bnp-qnt_c 2 4 (hd-pct_c 2 4 (yourself 2 3) (comma_pct 3 4))))) (vp-vp_crd-fin-m_c 4 12 (hd-cmp_u_c 4 7 (v_n3s-bse_ilr 4 5 (stay_prd_v1 4 5)) (hd-pct_c 5 7 (motivated_a1 5 6) (comma_pct 6 7))) (mrk-nh_evnt_c 7 12 (and_conj 7 8) (hd-cmp_u_c 8 12 (v_n3s-bse_ilr 8 9 (keep_v3 8 9)) (hd-cmp_u_c 9 12 (v_prp_olr 9 10 (push_forward_v2 9 10)) (hd-pct_c 10 12 (forward_prtcl 10 11) (period_pct 11 12))))))))	
ai-044	beemo/216	But soon enough, it became apparent that the situation was spiraling out of control.	-	was spiraling read as a gerund noun
ai-045	beemo/248	Contact us today and become a part of the Oak Manor Horse Boarding family!	(cl-cl_crd-t_c 0 15 (hd_imp_c 0 3 (hd-aj_int-unsl_c 0 3 (hd-cmp_u_c 0 2 (v_n3s-bse_ilr 0 1 (contact_v1 0 1)) (hdn_bnp-qnt_c 1 2 (us 1 2))) (np_adv_c 2 3 (hdn_bnp-qnt_c 2 3 (today_np 2 3))))) (mrk-nh_cl_c 3 15 (and_conj 3 4) (hd_imp_c 4 15 (hd-cmp_u_c 4 15 (v_n3s-bse_ilr 4 5 (become_v2 4 5)) (sp-hd_n_c 5 15 (a_det 5 6) (hd-cmp_u_c 6 15 (n_sg_ilr 6 7 (part_n1 6 7)) (hd-cmp_u_c 7 15 (of_prtcl 7 8) (hdn_bnp-vger_c 8 15 (sb-hd_nmc_c 8 15 (sp-hd_n_c 8 12 (the_1 8 9) (np-hdn_nme-cpd_c 9 12 (hdn_bnp-pn_c 9 11 (np-hdn_nme-cpd_c 9 11 (hdn_bnp-pn_c 9 10 (n_sg_ilr 9 10 (oak_n2 9 10))) (n_sg_ilr 10 11 (generic_proper_ne 10 11)))) (n_sg_ilr 11 12 (generic_proper_ne 11 12)))) (vp_np-ger_c 12 15 (hd-cmp_u_c 12 15 (v_prp_olr 12 13 (board_v1 12 13)) (hdn_bnp_c 13 15 (hd-pct_c 13 15 (family_n3 13 14) (bang_pct 14 15))))))))))))))	the Oak Manor Horse Boarding family as one name
ai-046	beemo/353	The implications of these results are profound, suggesting that the widespread construction of fountains in city centers may be having unintended consequences on insect populations.	-	
ai-047	beemo/344	I'm so grateful for the opportunity to be a part of this festive season, and I wouldn't trade it for anything.	-	coordination of the two clauses not offered
ai-048	beemo/359	We again apologize for any inconvenience this may have caused and want you to know that we take these issues very seriously.	(sb-hd_mc_c 0 23 (hdn_bnp-qnt_c 0 1 (we 0 1)) (vp-vp_crd-fin-t_c 1 23 (aj-hd_int_c 1 10 (again_adv1 1 2) (hd-cmp_u_c 2 10 (hd_optcmp_c 2 3 (v_n3s-bse_ilr 2 3 (apologize_v1 2 3))) (hd-cmp_u_c 3 10 (for 3 4) (sp-hd_n_c 4 10 (any_det 4 5) (hdn-aj_rc_c 5 10 (n_ms-cnt_ilr 5 6 (inconvenience_n1 5 6)) (cl_rc-fin-nwh_c 6 10 (sb-hd_nmc_c 6 10 (hdn_bnp-qnt_c 6 7 (hdn_optcmp_c 6 7 (this_deix 6 7))) (hd-cmp_u_c 7 10 (may_aux_pos 7 8) (hd-cmp_u_c 8 10 (have_bse_aux 8 9) (hd_xcmp_c 9 10 (v_psp_olr 9 10 (cause_v2 9 10)))))))))))) (mrk-nh_evnt_c 10 23 (and_conj 10 11) (hd-aj_int-unsl_c 11 23 (hd-cmp_u_c 11 20 (v_n3s-bse_ilr 11 12 (want_v1 11 12)) (hdn_bnp-qnt_c 12 20 (hd-cmp_u_c 12 20 (hdn-aj_rc_c 12 19 (you_plus_np 12 13) (cl_rc-inf-nwh-sb_c 13 19 (hd-cmp_u_c 13 19 (to_c_prop 13 14) (hd-cmp_u_c 14 19 (v_n3s-bse_ilr 14 15 (know_v2 14 15)) (hd-cmp_u_c 15 19 (that_comp 15 16) (sb-hd_nmc_c 16 19 (hdn_bnp-qnt_c 16 17 (we 16 17)) (hd-cmp_u_c 17 19 (v_n3s-bse_ilr 17 18 (take_v1_i 17 18)) (hdn_bnp-qnt_c 18 19 (hdn_optcmp_c 18 19 (these_deix 18 19)))))))))) (hdn_bnp_c 19 20 (n_pl_olr 19 20 (issue_n1 19 20)))))) (sp-hd_hc_c 20 23 (very 20 21) (hd-pct_c 21 23 (seriously_adv1 21 22) (period_pct 22 23)))))))	VP coordination: apologize ... and want ...
ai-049	beemo/638	John: "I've lost 30 pounds and I feel 10 years younger than I did when I was still smoking.	-	
ai-050	beemo/317	Sean gets up and heads toward the door.	(sb-hd_mc_c 0 9 (hdn_bnp-pn_c 0 1 (n_sg_ilr 0 1 (sean 0 1))) (vp-vp_crd-fin-t_c 1 9 (hd-cmp_u_c 1 3 (v_3s-fin_olr 1 2 (get_up_v1 1 2)) (up_prtcl 2 3)) (mrk-nh_evnt_c 3 9 (and_conj 3 4) (hd-cmp_u_c 4 9 (v_3s-fin_olr 4 5 (head_v1 4 5)) (hd-cmp_u_c 5 9 (toward 5 6) (sp-hd_n_c 6 9 (the_1 6 7) (hd-pct_c 7 9 (n_sg_ilr 7 8 (door_n1 7 8)) (period_pct 8 9))))))))	
ai-051	beemo/528	As Clay gathered his belongings and shuffled out of the restaurant, the once-disgruntled patrons couldn't help but feel a renewed sense of faith in Greasy Joe's.	-	gathered his belongings and shuffled read as noun coordination
ai-052	beemo/355	It is with utmost concern that I, an esteemed pair of glasses, address you today.	-	fragment only
ai-053	beemo/709	In the heart of the bustling city, amidst the towering skyscrapers and honking cars, there was a small, unassuming goblin named Gizzle.	-	
ai-054	beemo/640	The colors were more vibrant, the sounds more crisp, and the air itself seemed to be charged with a strange, otherworldly energy.	-	fragment only
ai-055	beemo/418	Indulge in the bold flavor explosion of our all-time favorite beverage, available at an irresistible 20% off!	-	fragment only
ai-056	beemo/452	Once upon a time, in the deep south, there was a family consisting of a husband, a wife, and their two children.	(flr-hd_nwh_c 0 27 (hd-cmp_u_c 0 10 (once_p1 0 1) (hd-aj_int-unsl_c 1 10 (hd-cmp_u_c 1 5 (upon 1 2) (hdn_bnp_c 2 5 (num-n_mnp_c 2 5 (a_one_adj 2 3) (hd-pct_c 3 5 (n_ms_ilr 3 4 (time_n3 3 4)) (comma_pct 4 5))))) (hd-cmp_u_c 5 10 (in 5 6) (sp-hd_n_c 6 10 (the_1 6 7) (hdn-aj_redrel_c 7 10 (n_ms_ilr 7 8 (deep_n1 7 8)) (np_adv_c 8 10 (hdn_bnp-qnt_c 8 10 (hdn_optcmp_c 8 10 (hd-pct_c 8 10 (south_n2 8 9) (comma_pct 9 10)))))))))) (sb-hd_nmc_c 10 27 (there_expl 10 11) (hd-aj_scp_c 11 27 (hd_xaj-int-vp_c 11 14 (hd_optcmp_c 11 14 (hd-cmp_u_c 11 14 (be_th_cop_was 11 12) (sp-hd_n_c 12 14 (a_det 12 13) (n_sg_ilr 13 14 (family_n1 13 14)))))) (vp_sbrd-prd-prp_c 14 27 (hd-cmp_u_c 14 27 (v_prp_olr 14 15 (consist_of_v1 14 15)) (hd-cmp_u_c 15 27 (of_prtcl 15 16) (np-np_crd-t_c 16 27 (sp-hd_n_c 16 19 (a_det 16 17) (hd-pct_c 17 19 (n_sg_ilr 17 18 (husband_n1 17 18)) (comma_pct 18 19))) (np-np_crd-m_c 19 27 (sp-hd_n_c 19 22 (a_det 19 20) (hdn_optcmp_c 20 22 (hd-pct_c 20 22 (n_sg_ilr 20 21 (wife_n1 20 21)) (comma_pct 21 22)))) (mrk-nh_nom_c 22 27 (and_conj 22 23) (sp-hd_n_c 23 27 (their 23 24) (aj-hdn_norm_c 24 27 (two 24 25) (hd-pct_c 25 27 (n_pl-irreg_olr 25 26 (child_n1 25 26)) (period_pct 26 27)))))))))))))	
ai-057	beemo/293	It's also usually seasoned with a bit of garlic and olive oil, which adds flavor to every bite.	-	to every bite attached to seasoned
ai-058	beemo/254	He wrapped his arm around her, his eyes never leaving hers.	(hd-aj_scp-pr-mc_c 0 13 (sb-hd_mc_c 0 7 (hdn_bnp-qnt_c 0 1 (he 0 1)) (hd-cmp_u_c 1 7 (hd-cmp_u_c 1 4 (v_pst_olr 1 2 (wrap_around_v1 1 2)) (sp-hd_n_c 2 4 (his_poss 2 3) (n_sg_ilr 3 4 (arm_n1 3 4)))) (hd-cmp_u_c 4 7 (around 4 5) (hdn_bnp-qnt_c 5 7 (hd-pct_c 5 7 (her 5 6) (comma_pct 6 7)))))) (np-prdp_vpmod_c 7 13 (sp-hd_n_c 7 9 (his_poss 7 8) (n_pl_olr 8 9 (eye_n1 8 9))) (aj-hd_scp-xp_c 9 13 (never_adv1 9 10) (hd-cmp_u_c 10 13 (v_prp_olr 10 11 (leave_v1 10 11)) (hdn_bnp-qnt_c 11 13 (hd-pct_c 11 13 (hers 11 12) (period_pct 12 13)))))))	
ai-059	beemo/674	As a gamer, I'd strongly advise anyone interested in handheld gaming to acquaint themselves with the GameBoy Advance, as it's setting new benchmarks for the industry.	-	
ai-060	beemo/526	I hope these dinner ideas inspire you and help make mealtime a little bit easier for you and your family.	(sb-hd_mc_c 0 21 (hdn_bnp-qnt_c 0 1 (i 0 1)) (vp-vp_crd-fin-t_c 1 21 (hd-cmp_u_c 1 7 (v_n3s-bse_ilr 1 2 (hope_v3 1 2)) (sb-hd_nmc_c 2 7 (sp-hd_n_c 2 5 (these_det 2 3) (n-hdn_cpd_c 3 5 (dinner_n1 3 4) (hdn_optcmp_c 4 5 (n_pl_olr 4 5 (idea_n1 4 5))))) (hd-cmp_u_c 5 7 (v_n3s-bse_ilr 5 6 (inspire_v1 5 6)) (hdn_bnp-qnt_c 6 7 (you 6 7))))) (mrk-nh_evnt_c 7 21 (and_conj 7 8) (hd-cmp_u_c 8 21 (v_n3s-bse_ilr 8 9 (help_v5 8 9)) (hd-cmp_u_c 9 21 (v_n3s-bse_ilr 9 10 (make_v1 9 10)) (np-np_crd-t_c 10 21 (hdn-aj_redrel_c 10 17 (mealtime_n1 10 11) (sp-hd_hc_c 11 17 (a_little_bit 11 14) (hd_optcmp_c 14 17 (hd-cmp_u_c 14 17 (easier_a1 14 15) (hd-cmp_u_c 15 17 (for_prtcl 15 16) (hdn_bnp-qnt_c 16 17 (you 16 17))))))) (mrk-nh_nom_c 17 21 (and_conj 17 18) (sp-hd_n_c 18 21 (your 18 19) (hd-pct_c 19 21 (n_sg_ilr 19 20 (family_n1 19 20)) (period_pct 20 21))))))))))	hope [these ideas inspire you and help make ...]
ai-061	beemo/528	The shrill sound seemed to penetrate Clay's thick skull, but only for a moment.	(sb-hd_mc_c 0 17 (sp-hd_n_c 0 3 (the_1 0 1) (aj-hdn_norm_c 1 3 (shrill_a1 1 2) (hdn_optcmp_c 2 3 (n_ms-cnt_ilr 2 3 (sound_n1 2 3))))) (hd-cmp_u_c 3 17 (hd_optcmp_c 3 4 (v_pst_olr 3 4 (seem1 3 4))) (hd-cmp_u_c 4 17 (to_c_prop 4 5) (hd-aj_int-unsl_c 5 17 (hd-cmp_u_c 5 11 (v_n3s-bse_ilr 5 6 (penetrate_v1 5 6)) (sp-hd_n_c 6 11 (sp-hd_hc_c 6 8 (hdn_bnp-pn_c 6 7 (n_sg_ilr 6 7 (clay_n1 6 7))) (apostrophe_s_12_lex 7 8)) (aj-hdn_norm_c 8 11 (thick_a1 8 9) (hd-pct_c 9 11 (n_sg_ilr 9 10 (skull_n1 9 10)) (comma_pct 10 11))))) (hd-cmp_u_c 11 17 (but_prd_p1 11 12) (hd-aj_int-unsl_c 12 17 (only_a1 12 13) (hd-cmp_u_c 13 17 (for 13 14) (hdn_bnp_c 14 17 (num-n_mnp_c 14 17 (a_one_adj 14 15) (hd-pct_c 15 17 (n_sg_ilr 15 16 (moment_n1 15 16)) (period_pct 16 17)))))))))))	[but only for a moment]
ai-062	beemo/452	Bill's eyes grew wide with fear as he imagined all sorts of wild animals had infiltrated their home.	(hd-aj_scp_c 0 20 (sb-hd_mc_c 0 7 (sp-hd_n_c 0 3 (sp-hd_hc_c 0 2 (hdn_bnp-pn_c 0 1 (n_sg_ilr 0 1 (generic_proper_ne 0 1))) (apostrophe_s_12_lex 1 2)) (n_pl_olr 2 3 (eye_n1 2 3))) (hd_optcmp_c 3 7 (hd-cmp_u_c 3 7 (v_pst_olr 3 4 (grow_v3 3 4)) (hd-aj_int-unsl_c 4 7 (wide_isect 4 5) (hd-cmp_u_c 5 7 (with_p 5 6) (hdn_bnp_c 6 7 (hdn_optcmp_c 6 7 (n_ms-cnt_ilr 6 7 (fear_n1 6 7))))))))) (hd-cmp_u_c 7 20 (as_subord 7 8) (sb-hd_nmc_c 8 20 (hdn_bnp-qnt_c 8 9 (he 8 9)) (hd-cmp_u_c 9 20 (v_pst_olr 9 10 (imagine_v2 9 10)) (sb-hd_nmc_c 10 20 (sp-hd_n_c 10 15 (all 10 11) (hdn-aj_redrel_c 11 15 (n_pl_olr 11 12 (sort_n2 11 12)) (hd-cmp_u_c 12 15 (of_poss 12 13) (hdn_bnp_c 13 15 (aj-hdn_norm_c 13 15 (wild_a1 13 14) (n_pl_olr 14 15 (animal_n1 14 15))))))) (hd-cmp_u_c 15 20 (had_aux 15 16) (hd-cmp_u_c 16 20 (v_psp_olr 16 17 (infiltrate_v1 16 17)) (sp-hd_n_c 17 20 (their 17 18) (hd-pct_c 18 20 (n_sg_ilr 18 19 (home_n1 18 19)) (period_pct 19 20))))))))))	
ai-063	beemo/368	Join loveDNA today and start your journey towards finding that special someone who you were always meant to be with.	-	fragment only
ai-064	beemo/785	Plus, with its built-in night light, the Talking Commode™ is the perfect addition to any late-night bathroom run.	-	
ai-065	beemo/463	Steve hitched a ride on a cargo ship and, after a long and arduous journey, finally arrived in the Land of the Rising Sun.	-	
ai-066	beemo/545	From then on, the soldier wore the hat with pride and continued his habit of pranksterism with tactical precision.	(flr-hd_nwh_c 0 21 (hd-cmp_u_c 0 4 (hd-cmp_u_c 0 2 (from_time_on 0 1) (hdn_bnp-qnt_c 1 2 (then_adv 1 2))) (hd-pct_c 2 4 (on_prtcl 2 3) (comma_pct 3 4))) (sb-hd_nmc_c 4 21 (sp-hd_n_c 4 6 (the_1 4 5) (n_sg_ilr 5 6 (soldier_n1 5 6))) (hd_xaj-int-vp_c 6 21 (vp-vp_crd-fin-t_c 6 21 (hd-aj_int-unsl_c 6 11 (hd-cmp_u_c 6 9 (v_pst_olr 6 7 (wear_v1 6 7)) (sp-hd_n_c 7 9 (the_1 7 8) (n_sg_ilr 8 9 (hat_n1 8 9)))) (hd-cmp_u_c 9 11 (with_p 9 10) (hdn_bnp_c 10 11 (n_ms-cnt_ilr 10 11 (pride_n1 10 11))))) (mrk-nh_evnt_c 11 21 (and_conj 11 12) (hd-aj_int-unsl_c 12 21 (hd-cmp_u_c 12 17 (v_pst_olr 12 13 (continue_v2 12 13)) (sp-hd_n_c 13 17 (his_poss 13 14) (hd-cmp_u_c 14 17 (n_ms-cnt_ilr 14 15 (habit_n1 14 15)) (hd-cmp_u_c 15 17 (of_prtcl 15 16) (hdn_bnp_c 16 17 (n_ms-cnt_ilr 16 17 (generic_mass_count_noun 16 17))))))) (hd-cmp_u_c 17 21 (with_p 17 18) (hdn_bnp_c 18 21 (aj-hdn_norm_c 18 21 (tactical_a1 18 19) (hd-pct_c 19 21 (n_ms-cnt_ilr 19 20 (precision_n1 19 20)) (period_pct 20 21)))))))))))	
ai-067	beemo/662	The raccoon appeared to be wearing a furry hat and holding a cane, almost like an old man.	(sb-hd_mc_c 0 20 (sp-hd_n_c 0 2 (the_1 0 1) (n_ms-cnt_ilr 1 2 (generic_mass_count_noun 1 2))) (hd-cmp_u_c 2 20 (hd_optcmp_c 2 3 (v_pst_olr 2 3 (appear_v1 2 3))) (hd-cmp_u_c 3 20 (to_c_prop 3 4) (hd-cmp_u_c 4 20 (be_c_be 4 5) (hd-aj_int-unsl_c 5 20 (vppr-vppr_crd-t_c 5 14 (hd-cmp_u_c 5 9 (v_prp_olr 5 6 (wear_v1 5 6)) (sp-hd_n_c 6 9 (a_det 6 7) (aj-hdn_norm_c 7 9 (furry_a1 7 8) (n_sg_ilr 8 9 (hat_n1 8 9))))) (mrk-nh_evnt_c 9 14 (and_conj 9 10) (hd-cmp_u_c 10 14 (v_prp_olr 10 11 (hold_v1 10 11)) (sp-hd_n_c 11 14 (a_det 11 12) (hd-pct_c 12 14 (n_ms-cnt_ilr 12 13 (cane_n1 12 13)) (comma_pct 13 14)))))) (aj-hd_int_c 14 20 (almost_adv 14 15) (hd-cmp_u_c 15 20 (like_p 15 16) (sp-hd_n_c 16 20 (an_det 16 17) (aj-hdn_norm_c 17 20 (old_a1 17 18) (hd-pct_c 18 20 (n_ms-cnt_ilr 18 19 (man1 18 19)) (period_pct 19 20)))))))))))	
ai-068	beemo/640	Disappointment washed over Cedric, and he felt a sudden, overwhelming sense of sadness.	(cl-cl_crd-t_c 0 16 (sb-hd_mc_c 0 5 (hdn_bnp_c 0 1 (hdn_optcmp_c 0 1 (n_ms-cnt_ilr 0 1 (disappointment_n2 0 1)))) (hd-aj_int-unsl_c 1 5 (hd_optcmp_c 1 2 (v_pst_olr 1 2 (wash_v1 1 2))) (hd-cmp_u_c 2 5 (over 2 3) (hdn_bnp-pn_c 3 5 (hd-pct_c 3 5 (n_sg_ilr 3 4 (cedric_n1 3 4)) (comma_pct 4 5)))))) (mrk-nh_cl_c 5 16 (and_conj 5 6) (sb-hd_mc_c 6 16 (hdn_bnp-qnt_c 6 7 (he 6 7)) (hd-cmp_u_c 7 16 (v_pst_olr 7 8 (feel_v1 7 8)) (sp-hd_n_c 8 16 (a_det 8 9) (aj-hdn_adjn_c 9 16 (hd-pct_c 9 11 (sudden_a1 9 10) (comma_inf_pct 10 11)) (aj-hdn_norm_c 11 16 (v_j-nb-prp-tr_dlr 11 12 (v_prp_olr 11 12 (overwhelm_v1 11 12))) (hd-cmp_u_c 12 16 (n_ms-cnt_ilr 12 13 (sense_n1 12 13)) (hd-cmp_u_c 13 16 (of_prtcl 13 14) (hdn_bnp_c 14 16 (hd-pct_c 14 16 (n_ms_ilr 14 15 (sadness_n1 14 15)) (period_pct 15 16))))))))))))	
ai-069	beemo/723	Hi, I'm Autumn, and I'm seven years old.	(aj-hd_scp_c 0 13 (hd-pct_c 0 2 (hi_root_pre 0 1) (comma_pct 1 2)) (cl-cl_crd-t_c 2 13 (sb-hd_mc_c 2 6 (hdn_bnp-qnt_c 2 3 (i 2 3)) (hd-cmp_u_c 3 6 (v_aux-cx-noinv_dlr 3 4 (be_id_am_cx_3 3 4)) (hdn_bnp-pn_c 4 6 (hd-pct_c 4 6 (n_sg_ilr 4 5 (autumn_pn1 4 5)) (comma_pct 5 6))))) (mrk-nh_cl_c 6 13 (and_conj 6 7) (sb-hd_mc_c 7 13 (hdn_bnp-qnt_c 7 8 (i 7 8)) (hd-cmp_u_c 8 13 (v_aux-cx-noinv_dlr 8 9 (be_c_am_cx_3 8 9)) (sp-hd_hc_c 9 13 (mnp_deg-prd_c 9 11 (num-n_mnp_c 9 11 (seven 9 10) (n_pl_olr 10 11 (year_n1 10 11)))) (hd-pct_c 11 13 (old_a1 11 12) (period_pct 12 13))))))))	Hi, [I'm Autumn, and I'm seven years old]
ai-070	beemo/356	So one day I decided to make one and have it ready for when my partner came home.	-	So one day I read as a noun phrase
ai-071	beemo/713	We require equal consideration when it comes to adjusting to the new norms.	-	when it comes to read as a relative clause
ai-072	beemo/293	Today, tavern-style pizza is a beloved Chicago tradition, and it can be found in bars and pizzerias all over the city.	-	
ai-073	beemo/643	We hit the trails, him and me, and I figured it was gonna be a long and dusty ride 'til we reached our destination.	-	
ai-074	beemo/304	It has come to my attention that the requested information has not been provided, despite multiple attempts to contact you.	-	fragment only
ai-075	beemo/430	Flying through the streets, he's bold and keen, But little did they know what he's been.	-	
ai-076	beemo/858	In some people, particularly those with weakened immune systems, adenovirus infections can be particularly severe and even life-threatening.	(flr-hd_nwh_c 0 23 (hd-cmp_u_c 0 11 (in 0 1) (hdn-np_app-pr_c 1 11 (sp-hd_n_c 1 4 (some_indiv 1 2) (hd-pct_c 2 4 (n_sg_ilr 2 3 (people_n2 2 3)) (comma_pct 3 4))) (hdn_bnp-qnt_c 4 11 (hdn-aj_redrel_c 4 11 (sp-hd_hc_c 4 6 (particularly_deg 4 5) (hdn_optcmp_c 5 6 (those_deix 5 6))) (hd-cmp_u_c 6 11 (with_p 6 7) (hdn_bnp_c 7 11 (aj-hdn_adjn_c 7 11 (v_j-nb-pas-tr_dlr 7 8 (v_pas_odlr 7 8 (weaken_v1 7 8))) (aj-hdn_norm_c 8 11 (immune_a1 8 9) (hdn_optcmp_c 9 11 (hd-pct_c 9 11 (n_pl_olr 9 10 (system_n1 9 10)) (comma_pct 10 11))))))))))) (sb-hd_nmc_c 11 23 (hdn_bnp_c 11 13 (n-hdn_cpd_c 11 13 (generic_mass_count_noun 11 12) (n_pl_olr 12 13 (infection_n1 12 13)))) (hd-cmp_u_c 13 23 (can_aux_pos 13 14) (hd-cmp_u_c 14 23 (be_c_be 14 15) (aj-hd_int_c 15 23 (particularly_adv1 15 16) (hd_xaj-int-vp_c 16 23 (j-j_crd-prd-t_c 16 23 (severe_isect 16 17) (mrk-nh_evnt_c 17 23 (and_conj 17 18) (sp-hd_hc_c 18 23 (even_deg 18 19) (n-v_j-cpd_c 19 23 (hdn_optcmp_c 19 21 (hd-pct_nobrk_c 19 21 (life_n1 19 20) (dash_pct 20 21))) (hd-pct_c 21 23 (v_prp_olr 21 22 (threaten_v1 21 22)) (period_pct 22 23))))))))))))	
ai-077	beemo/715	Please do not hesitate to reach out to me should you have any questions regarding this letter, my services, or my business card design.	(aj-hd_int_c 0 27 (please_root 0 1) (hd-aj_scp_c 1 27 (hd-cmp_u_c 1 9 (do_imp_1 1 2) (aj-hd_scp-xp_c 2 9 (not 2 3) (hd-cmp_u_c 3 9 (v_n3s-bse_ilr 3 4 (hesitate_v2 3 4)) (hd-cmp_u_c 4 9 (to_c_prop 4 5) (hd-aj_int-unsl_c 5 9 (hd-cmp_u_c 5 7 (v_n3s-bse_ilr 5 6 (reach_out_v1 5 6)) (out_particle 6 7)) (hd-cmp_u_c 7 9 (to 7 8) (hdn_bnp-qnt_c 8 9 (me 8 9)))))))) (hd-cmp_u_c 9 27 (hd-cmp_u_c 9 11 (v_cond-inv_dlr 9 10 (should_aux_pos 9 10)) (hdn_bnp-qnt_c 10 11 (you 10 11))) (hd-cmp_u_c 11 27 (v_n3s-bse_ilr 11 12 (have-poss 11 12)) (sp-hd_n_c 12 27 (any_det 12 13) (hdn-aj_redrel_c 13 27 (hdn_optcmp_c 13 14 (n_pl_olr 13 14 (question_n1 13 14))) (hd-cmp_u_c 14 27 (regarding_p 14 15) (np-np_crd-t_c 15 27 (sp-hd_n_c 15 18 (this_det 15 16) (hdn_optcmp_c 16 18 (hd-pct_c 16 18 (n_sg_ilr 16 17 (letter_n1 16 17)) (comma_pct 17 18)))) (np-np_crd-m_c 18 27 (sp-hd_n_c 18 21 (my 18 19) (hd-pct_c 19 21 (n_pl_olr 19 20 (service_n1 19 20)) (comma_pct 20 21))) (mrk-nh_nom_c 21 27 (or_conj_1 21 22) (sp-hd_n_c 22 27 (my 22 23) (n-hdn_cpd_c 23 27 (business_n1 23 24) (n-hdn_cpd_c 24 27 (card_n1 24 25) (hdn_optcmp_c 25 27 (hd-pct_c 25 27 (n_ms-cnt_ilr 25 26 (design_n1 25 26)) (period_pct 26 27))))))))))))))))	any questions [regarding ...]
ai-078	beemo/411	So, mark your calendar and make sure to save the date.	(aj-hd_scp_c 0 13 (hd-pct_c 0 2 (so_adv1 0 1) (comma_pct 1 2)) (cl-cl_crd-t_c 2 13 (hd_imp_c 2 5 (hd-cmp_u_c 2 5 (v_n3s-bse_ilr 2 3 (mark_v1 2 3)) (sp-hd_n_c 3 5 (your 3 4) (n_sg_ilr 4 5 (calendar_n1 4 5))))) (mrk-nh_cl_c 5 13 (and_conj 5 6) (hd_imp_c 6 13 (hd-cmp_u_c 6 13 (v_n3s-bse_ilr 6 7 (make_prd_v1 6 7)) (hd-cmp_u_c 7 13 (sure_a3 7 8) (hd-cmp_u_c 8 13 (to_c_prop 8 9) (hd-cmp_u_c 9 13 (v_n3s-bse_ilr 9 10 (save_v1 9 10)) (sp-hd_n_c 10 13 (the_1 10 11) (hdn_optcmp_c 11 13 (hd-pct_c 11 13 (n_sg_ilr 11 12 (date_n1 11 12)) (period_pct 12 13))))))))))))	So, [mark ... and make sure ...]
ai-079	beemo/688	The sighting, which lasted only a few minutes, left spectators dumbfounded and forced some to momentarily halt their evening commerce.	(aj-hd_scp_c 0 23 (np-prdp_vpmod-pre_c 0 10 (sp-hd_n_c 0 6 (the_1 0 1) (hdn-aj_rc-asym_c 1 6 (hdn_optcmp_c 1 3 (hd-pct_c 1 3 (n_sg_ilr 1 2 (sighting_n1 1 2)) (comma_pct 2 3))) (flr-hd_rel-fin_c 3 6 (which_r 3 4) (hd_xsb-fin_c 4 6 (hd-aj_scp_c 4 6 (hd_optcmp_c 4 5 (v_pst_olr 4 5 (last_v1 4 5))) (only_adv3 5 6)))))) (np_adv-mnp_c 6 10 (sp-hd_n_c 6 10 (a_det 6 7) (num-n_mnp_c 7 10 (few_a1 7 8) (hd-pct_c 8 10 (n_pl_olr 8 9 (minute_n1 8 9)) (comma_pct 9 10)))))) (sb-hd_mc_c 10 23 (hdn_bnp_c 10 12 (aj-hdn_norm_c 10 12 (v_j-nb-pas-tr_dlr 10 11 (v_pas_odlr 10 11 (leave_v1 10 11))) (n_pl_olr 11 12 (spectator_n1 11 12)))) (vp-vp_crd-fin-t_c 12 23 (hd_optcmp_c 12 13 (generic_trans_verb_past 12 13)) (mrk-nh_evnt_c 13 23 (and_conj 13 14) (hd-cmp_u_c 14 23 (hd-cmp_u_c 14 16 (v_pst_olr 14 15 (force_v1 14 15)) (hdn_bnp-qnt_c 15 16 (det_prt-nocmp_dlr 15 16 (some 15 16)))) (hd-cmp_u_c 16 23 (to_c_prop 16 17) (aj-hd_int_c 17 23 (momentarily_adv 17 18) (hd-cmp_u_c 18 23 (v_n3s-bse_ilr 18 19 (halt_v1 18 19)) (sp-hd_n_c 19 23 (their 19 20) (n-hdn_cpd_c 20 23 (evening_nc_n1 20 21) (hd-pct_c 21 23 (n_ms_ilr 21 22 (commerce_n1 21 22)) (period_pct 22 23))))))))))))	The sighting, [which lasted only a few minutes], left ...
ai-080	beemo/236	As Sarah watches David walk away, she feels a sense of sadness but also a newfound courage.	(aj-hd_scp_c 0 19 (hd-cmp_u_c 0 7 (as_subord 0 1) (sb-hd_nmc_c 1 7 (hdn_bnp-pn_c 1 2 (n_sg_ilr 1 2 (sarah_n1 1 2))) (hd-cmp_u_c 2 7 (hd-cmp_u_c 2 4 (v_3s-fin_olr 2 3 (watch_v2 2 3)) (hdn_bnp-pn_c 3 4 (n_sg_ilr 3 4 (david_n1 3 4)))) (hd-cmp_u_c 4 7 (v_n3s-bse_ilr 4 5 (walk_v1 4 5)) (hd-pct_c 5 7 (away_adv1 5 6) (comma_pct 6 7)))))) (sb-hd_mc_c 7 19 (hdn_bnp-qnt_c 7 8 (she 7 8)) (hd-cmp_u_c 8 19 (v_3s-fin_olr 8 9 (feel_v1 8 9)) (sp-hd_hc_c 9 19 (pp-pp_crd-t_c 9 17 (np_indef-adv_c 9 13 (sp-hd_n_c 9 13 (a_det 9 10) (hd-cmp_u_c 10 13 (n_ms-cnt_ilr 10 11 (sense_n1 10 11)) (hd-cmp_u_c 11 13 (of_prtcl 11 12) (hdn_bnp_c 12 13 (n_ms_ilr 12 13 (sadness_n1 12 13))))))) (mrk-nh_evnt_c 13 17 (but_also_1 13 15) (np_indef-adv_c 15 17 (sp-hd_n_c 15 17 (a_det 15 16) (n_ms-cnt_ilr 16 17 (generic_mass_count_noun 16 17)))))) (hdn_bnp_c 17 19 (hd-pct_c 17 19 (n_ms_ilr 17 18 (courage_n1 17 18)) (period_pct 18 19)))))))	but also as one connective
ai-081	beemo/663	Panic began to swell inside him, and all he could do was hope that he'd be found soon.	-	fragment only
ai-082	beemo/353	The findings revealed a complex relationship between fountain size, noise levels, and insect survival rates.	-	between-phrase attached to revealed, not relationship
ai-083	beemo/427	The sun refused to peek out from behind the curtains of grey, and the birds stayed quiet in their nests.	-	
ai-084	beemo/404	Lastly, Aridia, the Lightbringer, is revered for her exceptional lucidity, and her ability to epitomize harmony with the Light.	-	
ai-085	beemo/674	Anyone familiar with the GameBoy, a prior version of this console, would know that the sound quality in previous models wasn't the best, to say the least.	-	
ai-086	beemo/256	I watch as you go about your day, a blur of shapes and colors that I bring to life through your body's movement.	-	fragment only
ai-087	beemo/663	He tried to make himself as small as possible, hoping that whoever came would take one look at him and leave.	-	fragment only
ai-088	beemo/285	I hope this email finds you well.	(sb-hd_mc_c 0 8 (hdn_bnp-qnt_c 0 1 (i 0 1)) (hd-cmp_u_c 1 8 (v_n3s-bse_ilr 1 2 (hope_v3 1 2)) (sb-hd_nmc_c 2 8 (sp-hd_n_c 2 4 (this_det 2 3) (n_ms-cnt_ilr 3 4 (email_n1 3 4))) (hd-cmp_u_c 4 8 (hd-cmp_u_c 4 6 (v_3s-fin_olr 4 5 (find_v8 4 5)) (hdn_bnp-qnt_c 5 6 (you 5 6))) (hd-pct_c 6 8 (well_adj 6 7) (period_pct 7 8))))))	
ai-089	beemo/293	Give some history of how the style developed, too.	(hd_imp_c 0 11 (hd-aj_scp-pr_c 0 11 (hd-cmp_u_c 0 9 (v_n3s-bse_ilr 0 1 (give_v2 0 1)) (sp-hd_n_c 1 9 (some 1 2) (hd-cmp_u_c 2 9 (n_ms-cnt_ilr 2 3 (history_n1 2 3)) (hd-cmp_u_c 3 9 (of_prtcl 3 4) (cl_np-wh_c 4 9 (flr-hd_wh-nmc-fin_c 4 9 (how_adv 4 5) (sb-hd_nmc_c 5 9 (sp-hd_n_c 5 7 (the_1 5 6) (n_ms-cnt_ilr 6 7 (style_n1 6 7))) (hd_xaj-int-vp_c 7 9 (hd-pct_c 7 9 (v_pst_olr 7 8 (develop_v2 7 8)) (comma_pct 8 9)))))))))) (hd-pct_c 9 11 (too 9 10) (period_pct 10 11))))	too modifies give, not developed
ai-090	beemo/515	However, despite his less-than-wholesome past, Owen has become the compelling hero of this spy novel.	-	less-than-wholesome split apart
ai-091	beemo/304	As a valued business client, we expect timely responses to our requests.	(flr-hd_nwh_c 0 14 (hd-cmp_u_c 0 6 (as_p1 0 1) (sp-hd_n_c 1 6 (a_det 1 2) (aj-hdn_adjn_c 2 6 (v_j-nb-pas-tr_dlr 2 3 (v_pas_odlr 2 3 (value_v1 2 3))) (n-hdn_cpd_c 3 6 (business_n1 3 4) (hd-pct_c 4 6 (n_sg_ilr 4 5 (client_n1 4 5)) (comma_pct 5 6)))))) (sb-hd_nmc_c 6 14 (hdn_bnp-qnt_c 6 7 (we 6 7)) (hd_xaj-int-vp_c 7 14 (hd-cmp_u_c 7 14 (v_n3s-bse_ilr 7 8 (expect_v1 7 8)) (hdn_bnp_c 8 14 (aj-hdn_norm_c 8 14 (timely_a1 8 9) (hd-cmp_u_c 9 14 (n_pl_olr 9 10 (response_n2 9 10)) (hd-cmp_u_c 10 14 (to_prtcl 10 11) (sp-hd_n_c 11 14 (our 11 12) (hdn_optcmp_c 12 14 (hd-pct_c 12 14 (n_pl_olr 12 13 (request_n1 12 13)) (period_pct 13 14))))))))))))	
ai-092	beemo/829	Both events were held at Memorial Stadium in Champaign, Illinois, and each attracted a crowd of approximately 120,000 people.	-	fragment only
ai-093	beemo/475	Chatbot: Great, we appreciate your cooperation.	-	Chatbot: read as a verb
ai-094	beemo/663	The darkness swallowed John, and he finally succumbed to the cold embrace of the shadows that took him captive.	(cl-cl_crd-t_c 0 21 (sb-hd_mc_c 0 5 (sp-hd_n_c 0 2 (the_1 0 1) (n_ms_ilr 1 2 (darkness_n1 1 2))) (hd-cmp_u_c 2 5 (v_pst_olr 2 3 (swallow_v1 2 3)) (hdn_bnp-pn_c 3 5 (hd-pct_c 3 5 (n_sg_ilr 3 4 (john 3 4)) (comma_pct 4 5))))) (mrk-nh_cl_c 5 21 (and_conj 5 6) (sb-hd_mc_c 6 21 (hdn_bnp-qnt_c 6 7 (he 6 7)) (aj-hd_int_c 7 21 (finally_adv1 7 8) (hd-cmp_u_c 8 21 (v_pst_olr 8 9 (succumb_v1 8 9)) (hd-cmp_u_c 9 21 (to_prtcl 9 10) (sp-hd_n_c 10 21 (the_1 10 11) (hdn-aj_redrel_c 11 21 (aj-hdn_norm_c 11 13 (cold_a1 11 12) (n_sg_ilr 12 13 (embrace_n1 12 13))) (hd-cmp_u_c 13 21 (of_poss 13 14) (sp-hd_n_c 14 21 (the_1 14 15) (hdn-aj_rc_c 15 21 (n_pl_olr 15 16 (shadow_n 15 16)) (flr-hd_rel-fin_c 16 21 (that_r 16 17) (hd_xsb-fin_c 17 21 (hd-aj_scp_c 17 21 (hd-cmp_u_c 17 19 (v_pst_olr 17 18 (take_v1 17 18)) (hdn_bnp-qnt_c 18 19 (him 18 19))) (vp_sbrd-prd-aj_c 19 21 (hd-pct_c 19 21 (generic_adj 19 20) (period_pct 20 21)))))))))))))))))	
ai-095	beemo/427	Today was a real raincheck sort of day.	(sb-hd_mc_c 0 9 (np_adv_c 0 1 (hdn_bnp-qnt_c 0 1 (today_np 0 1))) (hd-cmp_u_c 1 9 (be_inv_was 1 2) (sp-hd_n_c 2 9 (a_det 2 3) (hd-cmp_u_c 3 9 (n-hdn_cpd_c 3 6 (aj-hdn_norm_c 3 5 (real_a1 3 4) (raincheck_n1 4 5)) (n_sg_ilr 5 6 (sort_n1 5 6))) (hd-cmp_u_c 6 9 (of_nbar_p 6 7) (hdn_optcmp_c 7 9 (hd-pct_c 7 9 (n_sg_ilr 7 8 (day_n 7 8)) (period_pct 8 9))))))))	
ai-096	beemo/785	So why settle for a boring old toilet when you can have a Talking Commode™?	(aj-hd_scp_c 0 16 (so_adv1 0 1) (hd-cmp_u_c 1 16 (why_vp 1 2) (hd-aj_scp_c 2 16 (hd-aj_int-unsl_c 2 8 (hd_optcmp_c 2 3 (v_n3s-bse_ilr 2 3 (settle_v1 2 3))) (hd-cmp_u_c 3 8 (for 3 4) (sp-hd_n_c 4 8 (a_det 4 5) (aj-hdn_adjn_c 5 8 (v_j-nb-prp-tr_dlr 5 6 (v_prp_olr 5 6 (bore_v1 5 6))) (aj-hdn_norm_c 6 8 (old_a1 6 7) (n_sg_ilr 7 8 (toilet_n1 7 8))))))) (hd-cmp_u_c 8 16 (when_subord 8 9) (sb-hd_nmc_c 9 16 (hdn_bnp-qnt_c 9 10 (you 9 10)) (hd-cmp_u_c 10 16 (can_aux_pos 10 11) (hd-cmp_u_c 11 16 (v_n3s-bse_ilr 11 12 (have-poss 11 12)) (sp-hd_n_c 12 16 (a_det 12 13) (aj-hdn_norm_c 13 16 (v_j-nb-prp-tr_dlr 13 14 (v_prp_olr 13 14 (talk_v1 13 14))) (hd-pct_nobrk_c 14 16 (n_ms-cnt_ilr 14 15 (generic_mass_count_noun 14 15)) (qmark_pct 15 16)))))))))))	
ai-097	beemo/378	As Felicity explored her newfound abilities, she found that she could also move objects with her mind, a power known as telekinesis.	-	fragment only
ai-098	beemo/661	But instead of violence, a delivery man pushed a parcel through the doorway, his voice muffled by the mask around his nose and mouth.	-	fragment only
ai-099	beemo/740	Thank you for your attention to this matter.	(hd_imp_c 0 9 (hd-aj_int-unsl_c 0 9 (hd-cmp_u_c 0 2 (v_n3s-bse_ilr 0 1 (thank_v1 0 1)) (hdn_bnp-qnt_c 1 2 (you 1 2))) (hd-cmp_u_c 2 9 (for 2 3) (sp-hd_n_c 3 9 (your 3 4) (hd-cmp_u_c 4 9 (n_ms-cnt_ilr 4 5 (attention_n1 4 5)) (hd-cmp_u_c 5 9 (to_prtcl 5 6) (sp-hd_n_c 6 9 (this_det 6 7) (hdn_optcmp_c 7 9 (hd-pct_c 7 9 (n_ms-cnt_ilr 7 8 (matter_n1 7 8)) (period_pct 8 9))))))))))	Thank you for, strict root
ai-100	beemo/475	Please let us know if there's anything else we can do to assist you.	(aj-hd_int_c 0 16 (please_root 0 1) (hd-cmp_u_c 1 16 (lets_4 1 3) (hd-cmp_u_c 3 16 (v_n3s-bse_ilr 3 4 (know_v2 3 4)) (aj-hd_scp_c 4 16 (hd-cmp_u_c 4 9 (if_subconj_unspec 4 5) (sb-hd_nmc_c 5 9 (np_adv_c 5 6 (hdn_bnp-qnt_c 5 6 (there_nom 5 6))) (hd-cmp_u_c 6 9 (be_inv_is_cx_2 6 7) (hdn_bnp-qnt_c 7 9 (hd-cmp_u_c 7 9 (anything 7 8) (else_a1 8 9)))))) (sb-hd_nmc_c 9 16 (hdn_bnp-qnt_c 9 10 (we 9 10)) (hd-cmp_u_c 10 16 (can_aux_pos 10 11) (hd-aj_scp_c 11 16 (hd_optcmp_c 11 12 (v_n3s-bse_ilr 11 12 (do2 11 12))) (hd-cmp_u_c 12 16 (to_subord 12 13) (hd-cmp_u_c 13 16 (v_n3s-bse_ilr 13 14 (assist_v1 13 14)) (hdn_bnp-qnt_c 14 16 (hd-pct_c 14 16 (you 14 15) (period_pct 15 16))))))))))))	[anything else we can do to assist you]
ai-101	beemo/494	In fact, I believe that the mailman genuinely enjoys our company.	(flr-hd_nwh_c 0 13 (hd-cmp_u_c 0 3 (in 0 1) (hdn_bnp_c 1 3 (hd-pct_c 1 3 (n_ms-cnt_ilr 1 2 (fact_n1 1 2)) (comma_pct 2 3)))) (sb-hd_nmc_c 3 13 (hdn_bnp-qnt_c 3 4 (i 3 4)) (hd-cmp_u_c 4 13 (v_n3s-bse_ilr 4 5 (believe_v3 4 5)) (hd-cmp_u_c 5 13 (that_comp 5 6) (sb-hd_nmc_c 6 13 (sp-hd_n_c 6 8 (the_1 6 7) (n_sg_ilr 7 8 (mailman_n1 7 8))) (aj-hd_int_c 8 13 (genuinely_adv1 8 9) (hd_xaj-int-vp_c 9 13 (hd-cmp_u_c 9 13 (v_3s-fin_olr 9 10 (enjoy_v1 9 10)) (sp-hd_n_c 10 13 (our 10 11) (hdn_optcmp_c 11 13 (hd-pct_c 11 13 (n_ms-cnt_ilr 11 12 (company_n1 11 12)) (period_pct 12 13))))))))))))	
ai-102	beemo/482	This dish is a kid-friendly, one-pot meal that combines pasta, chicken, and tomato sauce in a creamy cheese sauce.	-	kid-friendly split apart
ai-103	beemo/369	He reached out to touch it, but as his fingers brushed against the cool metal, the door slammed shut behind him, trapping him inside.	-	fragment only
ai-104	beemo/369	He thought of the key and the door, and the long road that had brought him here.	-	the long road [that had brought him here] not offered
ai-105	beemo/723	I promised I would, but I couldn't help feeling a little sad that the bunny was gone.	(cl-cl_crd-t_c 0 19 (sb-hd_mc_c 0 5 (hdn_bnp-qnt_c 0 1 (i 0 1)) (hd-cmp_u_c 1 5 (hd_optcmp_c 1 2 (v_pst_olr 1 2 (promise_v5 1 2))) (sb-hd_nmc_c 2 5 (hdn_bnp-qnt_c 2 3 (i 2 3)) (hd-pct_c 3 5 (v_aux-ell-ref_dlr 3 4 (would_aux_pos 3 4)) (comma_pct 4 5))))) (mrk-nh_cl_c 5 19 (but_conj 5 6) (sb-hd_mc_c 6 19 (hdn_bnp-qnt_c 6 7 (i 6 7)) (hd-cmp_u_c 7 19 (could_aux_neg_3_u 7 8) (hd-cmp_u_c 8 19 (v_n3s-bse_ilr 8 9 (help_v1 8 9)) (hdn_bnp-vger_c 9 19 (vp_np-ger_c 9 19 (hd_optcmp_c 9 19 (hd-cmp_u_c 9 19 (v_prp_olr 9 10 (feel_v4 9 10)) (hd-cmp_u_c 10 19 (sp-hd_hc-cmp_c 10 13 (a_little 10 12) (sad_a4 12 13)) (hd-cmp_u_c 13 19 (that_comp 13 14) (sb-hd_nmc_c 14 19 (sp-hd_n_c 14 16 (the_1 14 15) (n_sg_ilr 15 16 (bunny_n2 15 16))) (hd-cmp_u_c 16 19 (be_c_was 16 17) (hd-pct_c 17 19 (gone_a1 17 18) (period_pct 18 19)))))))))))))))	
ai-106	beemo/540	If you are investigating her disappearance, I would be happy to provide any information or assistance that I can.	(aj-hd_scp_c 0 21 (hd-cmp_u_c 0 7 (if_subconj_unspec 0 1) (sb-hd_nmc_c 1 7 (hdn_bnp-qnt_c 1 2 (you 1 2)) (hd-cmp_u_c 2 7 (be_c_are 2 3) (hd-cmp_u_c 3 7 (v_prp_olr 3 4 (investigate_v1 3 4)) (sp-hd_n_c 4 7 (her_poss 4 5) (hdn_optcmp_c 5 7 (hd-pct_c 5 7 (n_ms-cnt_ilr 5 6 (disappearance_n1 5 6)) (comma_pct 6 7)))))))) (sb-hd_mc_c 7 21 (hdn_bnp-qnt_c 7 8 (i 7 8)) (hd-cmp_u_c 8 21 (would_aux_pos 8 9) (hd-cmp_u_c 9 21 (be_c_be 9 10) (hd-cmp_u_c 10 21 (happy_a3 10 11) (hd-cmp_u_c 11 21 (to_c_prop 11 12) (hd-cmp_u_c 12 21 (v_n3s-bse_ilr 12 13 (provide_v1 12 13)) (sp-hd_n_c 13 21 (any_det 13 14) (hdn-aj_rc_c 14 21 (n-n_crd-div-t_c 14 17 (hdn_optcmp_c 14 15 (n_ms_ilr 14 15 (information_n1 14 15))) (mrk-nh_n_c 15 17 (or_conj_1 15 16) (n_ms_ilr 16 17 (assistance_n1 16 17)))) (flr-hd_rel-fin_c 17 21 (that_r 17 18) (sb-hd_nmc_c 18 21 (hdn_bnp-qnt_c 18 19 (i 18 19)) (hd_xcmp_c 19 21 (hd-pct_c 19 21 (v_n3s-bse_ilr 19 20 (can_v1 19 20)) (period_pct 20 21))))))))))))))	
ai-107	beemo/858	Others may develop more serious respiratory or intestinal illness, with symptoms such as fever, difficulty breathing, diarrhea, and vomiting.	(hd-aj_scp-pr-mc_c 0 24 (sb-hd_mc_c 0 10 (hdn_bnp_c 0 1 (n_pl_olr 0 1 (other_n1 0 1))) (hd-cmp_u_c 1 10 (may_aux_pos 1 2) (hd-cmp_u_c 2 10 (v_n3s-bse_ilr 2 3 (develop_v1 2 3)) (hdn_bnp_c 3 10 (aj-hdn_adjn_c 3 10 (sp-hd_hc_c 3 5 (more_nc_deg 3 4) (serious_a1 4 5)) (aj-hdn_norm_c 5 10 (j-j_crd-att-t_c 5 8 (respiratory_a1 5 6) (mrk-nh_evnt_c 6 8 (or_conj_1 6 7) (intestinal_a1 7 8))) (hd-pct_c 8 10 (n_ms-cnt_ilr 8 9 (illness_n 8 9)) (comma_pct 9 10)))))))) (hd-cmp_u_c 10 24 (hd-cmp_u_c 10 12 (with_subord 10 11) (hdn_bnp_c 11 12 (n_pl_olr 11 12 (symptom_n1 11 12)))) (ppr-ppr_crd-t_c 12 24 (hd-cmp_u_c 12 21 (such_as_p2 12 14) (hdn_bnp_c 14 21 (n-n_crd-div-t_c 14 21 (hd-pct_c 14 16 (n_ms-cnt_ilr 14 15 (fever_n1 14 15)) (comma_pct 15 16)) (n-n_crd-nc-m_c 16 21 (n-hdn_cpd_c 16 19 (difficulty_n1 16 17) (hdn_optcmp_c 17 19 (hd-pct_c 17 19 (v_nger-tr_dlr 17 18 (v_prp_olr 17 18 (breathe_v1 17 18))) (comma_pct 18 19)))) (hd-pct_c 19 21 (n_ms_ilr 19 20 (diarrhea_n1 19 20)) (comma_pct 20 21)))))) (mrk-nh_evnt_c 21 24 (and_conj 21 22) (hd-pct_c 22 24 (v_prp_olr 22 23 (vomit_v1 22 23)) (period_pct 23 24))))))	
ai-108	beemo/492	They are ephemeral, washed away by the waves in a matter of hours.	(sb-hd_mc_c 0 15 (hdn_bnp-qnt_c 0 1 (they 0 1)) (hd-aj_scp-pr_c 1 15 (hd-cmp_u_c 1 4 (be_c_are 1 2) (hd-pct_c 2 4 (ephemeral_a1 2 3) (comma_pct 3 4))) (vp_sbrd-prd-pas_c 4 15 (hd-aj_int-unsl_c 4 15 (hd-cmp_u_c 4 9 (hd-cmp_u_c 4 6 (v_pas-prt-t_odlr 4 5 (wash_away_v1 4 5)) (away_prtcl 5 6)) (hd-cmp_u_c 6 9 (by_pass_p 6 7) (sp-hd_n_c 7 9 (the_1 7 8) (hdn_optcmp_c 8 9 (n_pl_olr 8 9 (wave_n1 8 9)))))) (hd-cmp_u_c 9 15 (in 9 10) (sp-hd_n_c 10 15 (a_det 10 11) (hd-cmp_u_c 11 15 (n_ms-cnt_ilr 11 12 (matter_n1 11 12)) (hd-cmp_u_c 12 15 (of_prtcl 12 13) (hdn_bnp_c 13 15 (hd-pct_c 13 15 (n_pl_olr 13 14 (hour_n1 13 14)) (period_pct 14 15)))))))))))	in a matter of hours modifies washed away
ai-109	beemo/682	This new technique offers several advantages over traditional wet storage methods and represents a significant step forward in nuclear power management.	(sb-hd_mc_c 0 22 (sp-hd_n_c 0 3 (this_det 0 1) (aj-hdn_norm_c 1 3 (new_a1 1 2) (n_ms-cnt_ilr 2 3 (technique_n1 2 3)))) (vp-vp_crd-fin-t_c 3 22 (hd-cmp_u_c 3 11 (v_3s-fin_olr 3 4 (offer_v3 3 4)) (hdn_bnp_c 4 11 (hdn-aj_redrel_c 4 11 (aj-hdn_norm_c 4 6 (several_a1 4 5) (n_pl_olr 5 6 (advantage_n1 5 6))) (hd-cmp_u_c 6 11 (over 6 7) (hdn_bnp_c 7 11 (aj-hdn_adjn_c 7 11 (traditional_isect 7 8) (aj-hdn_adjn_c 8 11 (wet_a1 8 9) (n-hdn_cpd_c 9 11 (hdn_optcmp_c 9 10 (storage_n1 9 10)) (n_pl_olr 10 11 (method_n1 10 11)))))))))) (mrk-nh_evnt_c 11 22 (and_conj 11 12) (hd-aj_int-unsl_c 12 22 (hd-cmp_u_c 12 17 (v_3s-fin_olr 12 13 (represent_v1 12 13)) (sp-hd_n_c 13 17 (a_det 13 14) (hdn-aj_redrel_c 14 17 (aj-hdn_norm_c 14 16 (significant_a1 14 15) (n_sg_ilr 15 16 (step_n3 15 16))) (forward_adv 16 17)))) (hd-cmp_u_c 17 22 (in 17 18) (hdn_bnp_c 18 22 (aj-hdn_adjn_c 18 22 (nuclear_a1 18 19) (n-hdn_cpd_c 19 22 (power_n1 19 20) (hd-pct_c 20 22 (n_ms-cnt_ilr 20 21 (management_n1 20 21)) (period_pct 21 22))))))))))	advantages [over ... methods]; [a significant step forward]
ai-110	beemo/523	It's like a game of hide and seek, but with sounds.	-	
ai-111	beemo/463	Steve may have been a small snail, but in Japan, he felt like the biggest and braddest adventurer the world had ever known.	-	but read as a preposition
ai-112	beemo/661	The masked stranger she'd seen at the cabin appeared again, looming over her prone figure.	-	
ai-113	beemo/254	Samantha found herself drawn into his spellbound gaze as they spoke, realizing how comfortable she felt with him.	(sb-hd_mc_c 0 20 (hdn_bnp-pn_c 0 1 (n_sg_ilr 0 1 (samantha_n1 0 1))) (hd-aj_scp-pr_c 1 20 (hd-aj_scp_c 1 12 (hd-cmp_u_c 1 8 (hd-cmp_u_c 1 3 (v_pst_olr 1 2 (find_adj_v1 1 2)) (hdn_bnp-qnt_c 2 3 (herself 2 3))) (hd-cmp_u_c 3 8 (hd_optcmp_c 3 4 (v_pas_odlr 3 4 (draw_dir_v1 3 4))) (hd-cmp_u_c 4 8 (into 4 5) (sp-hd_n_c 5 8 (his_poss 5 6) (aj-hdn_norm_c 6 8 (spellbound_a1 6 7) (n_ms-cnt_ilr 7 8 (gaze_n1 7 8))))))) (hd-cmp_u_c 8 12 (as_subord 8 9) (sb-hd_nmc_c 9 12 (hdn_bnp-qnt_c 9 10 (they 9 10)) (hd_optcmp_c 10 12 (hd_optcmp_c 10 12 (hd-pct_c 10 12 (v_pst_olr 10 11 (speak_v3 10 11)) (comma_pct 11 12))))))) (vp_sbrd-prd-prp_c 12 20 (hd-cmp_u_c 12 20 (hd_optcmp_c 12 13 (v_prp_olr 12 13 (realize_v2 12 13))) (flr-hd_wh-nmc-fin_c 13 20 (sp-hd_hc_c 13 15 (how_deg 13 14) (hd_optcmp_c 14 15 (comfortable_a1 14 15))) (sb-hd_nmc_c 15 20 (hdn_bnp-qnt_c 15 16 (she 15 16)) (hd-aj_int-unsl_c 16 20 (hd_optcmp_c 16 17 (hd_xcmp_c 16 17 (v_pst_olr 16 17 (feel_v4 16 17)))) (hd-cmp_u_c 17 20 (with_p 17 18) (hdn_bnp-qnt_c 18 20 (hd-pct_c 18 20 (him 18 19) (period_pct 19 20)))))))))))	realizing-clause modifies found, not spoke
ai-114	beemo/648	The wise man, unperturbed by Alimond's brashness, merely smiled and gestured to a nearby table.	(sb-hd_mc_c 0 19 (sp-hd_n_c 0 10 (the_1 0 1) (hdn-aj_rc-pr_c 1 10 (aj-hdn_norm_c 1 4 (j_att_dlr 1 2 (wise_a1 1 2)) (hd-pct_c 2 4 (n_ms-cnt_ilr 2 3 (man1 2 3)) (comma_pct 3 4))) (vp_rc-redrel_c 4 10 (hd-cmp_u_c 4 10 (v_v-un_dlr 4 5 (v_pas_odlr 4 5 (perturb_v1 4 5))) (hd-cmp_u_c 5 10 (by_pass_p 5 6) (sp-hd_n_c 6 10 (sp-hd_hc_c 6 8 (hdn_bnp-pn_c 6 7 (n_sg_ilr 6 7 (generic_proper_ne 6 7))) (apostrophe_s_12_lex 7 8)) (hd-pct_c 8 10 (n_ms-cnt_ilr 8 9 (generic_mass_count_noun 8 9)) (comma_pct 9 10)))))))) (aj-hd_int_c 10 19 (merely_adv1 10 11) (vp-vp_crd-fin-t_c 11 19 (hd_optcmp_c 11 12 (v_pst_olr 11 12 (smile_v1 11 12))) (mrk-nh_evnt_c 12 19 (and_conj 12 13) (hd-aj_int-unsl_c 13 19 (v_pst_olr 13 14 (gesture_v1 13 14)) (hd-cmp_u_c 14 19 (to 14 15) (sp-hd_n_c 15 19 (a_det 15 16) (aj-hdn_norm_c 16 19 (nearby_a1 16 17) (hd-pct_c 17 19 (n_sg_ilr 17 18 (table_n1 17 18)) (period_pct 18 19))))))))))	
ai-115	beemo/250	Shadow led them deeper into the forest, his presence heavy and intimidating.	(hd-aj_scp-pr-mc_c 0 14 (sb-hd_mc_c 0 8 (hdn_bnp_c 0 1 (n_ms-cnt_ilr 0 1 (shadow_n 0 1))) (hd-cmp_u_c 1 8 (hd-cmp_u_c 1 3 (v_pst_olr 1 2 (lead_v4 1 2)) (hdn_bnp-qnt_c 2 3 (them 2 3))) (aj-hd_int_c 3 8 (deeper_adv1 3 4) (hd-cmp_u_c 4 8 (into 4 5) (sp-hd_n_c 5 8 (the_1 5 6) (hdn_optcmp_c 6 8 (hd-pct_c 6 8 (n_ms-cnt_ilr 6 7 (forest_n1 6 7)) (comma_pct 7 8)))))))) (np-prdp_vpmod_c 8 14 (sp-hd_n_c 8 10 (his_poss 8 9) (n_ms-cnt_ilr 9 10 (presence_n1 9 10))) (j-j_crd-prd-t_c 10 14 (heavy_a1 10 11) (mrk-nh_evnt_c 11 14 (and_conj 11 12) (hd-pct_c 12 14 (intimidating_a1 12 13) (period_pct 13 14))))))	absolute clause [his presence heavy and intimidating]
ai-116	beemo/246	Therefore, we need to ensure that our platform remains a safe and welcoming environment for everyone.	(aj-hd_scp_c 0 18 (hd-pct_c 0 2 (therefore_root_pre 0 1) (comma_pct 1 2)) (sb-hd_mc_c 2 18 (hdn_bnp-qnt_c 2 3 (we 2 3)) (hd-cmp_u_c 3 18 (v_n3s-bse_ilr 3 4 (need_v2 3 4)) (hd-cmp_u_c 4 18 (to_c_prop 4 5) (hd-aj_int-unsl_c 5 18 (hd-cmp_u_c 5 15 (v_n3s-bse_ilr 5 6 (ensure_v1 5 6)) (hd-cmp_u_c 6 15 (that_comp 6 7) (sb-hd_nmc_c 7 15 (sp-hd_n_c 7 9 (our 7 8) (n_sg_ilr 8 9 (platform_n1 8 9))) (hd-cmp_u_c 9 15 (v_3s-fin_olr 9 10 (remain_v3 9 10)) (sp-hd_n_c 10 15 (a_det 10 11) (aj-hdn_norm_c 11 15 (j-j_crd-att-t_c 11 14 (j_att_dlr 11 12 (safe_a1 11 12)) (mrk-nh_evnt_c 12 14 (and_conj 12 13) (v_j-nb-prp-tr_dlr 13 14 (v_prp_olr 13 14 (welcome_v1 13 14))))) (n_sg_ilr 14 15 (environment_n1 14 15)))))))) (hd-cmp_u_c 15 18 (for 15 16) (hdn_bnp-qnt_c 16 18 (hdn_optcmp_c 16 18 (hd-pct_c 16 18 (everyone 16 17) (period_pct 17 18))))))))))	safe as an adjective
ai-117	beemo/307	The latter are less common and are found in areas with high levels of radioactivity, such as uranium deposits.	-	fragment only
ai-118	beemo/250	But ultimately, their fear got the best of them, and one by one, they fell to their knees, their heads bowed low.	(flr-hd_nwh_c 0 27 (hd-cmp_u_c 0 3 (but_prd_p1 0 1) (hd-pct_c 1 3 (ultimately_adv3 1 2) (comma_pct 2 3))) (hd_xaj-crd-s_c 3 27 (cl-cl_crd-t_c 3 27 (sb-hd_nmc_c 3 11 (sp-hd_n_c 3 5 (their 3 4) (hdn_optcmp_c 4 5 (n_ms-cnt_ilr 4 5 (fear_n1 4 5)))) (hd-cmp_u_c 5 11 (v_pst_olr 5 6 (get_v2 5 6)) (sp-hd_n_c 6 11 (the_1 6 7) (hd-cmp_u_c 7 11 (aj_prt-det-of_c 7 8 (best_a1 7 8)) (hd-cmp_u_c 8 11 (of_prtcl 8 9) (hdn_bnp-qnt_c 9 11 (hd-pct_c 9 11 (them 9 10) (comma_pct 10 11)))))))) (mrk-nh_cl_c 11 27 (and_conj 11 12) (aj-hd_scp_c 12 27 (np-prdp_vpmod-pre_c 12 16 (hdn_bnp-qnt_c 12 13 (num_prt-nc_c 12 13 (one_adj 12 13))) (hd-cmp_u_c 13 16 (by_temp_p 13 14) (hdn_optcmp_c 14 16 (hd-pct_c 14 16 (n_sg_ilr 14 15 (one_hour 14 15)) (comma_pct 15 16))))) (sb-hd_nmc_c 16 27 (hdn_bnp-qnt_c 16 17 (they 16 17)) (hd-cmp_u_c 17 27 (v_pst_olr 17 18 (fall_v1 17 18)) (hd-cmp_u_c 18 27 (to 18 19) (hdn-np_app-pr_c 19 27 (sp-hd_n_c 19 22 (their 19 20) (hd-pct_c 20 22 (n_pl_olr 20 21 (knee_n1 20 21)) (comma_pct 21 22))) (sp-hd_n_c 22 27 (their 22 23) (n-hdn_j-n-cpd-pl_c 23 27 (n_pl_olr 23 24 (head_n2 23 24)) (aj-hdn_norm_c 24 27 (v_j-nb-pas-tr_dlr 24 25 (v_pas_odlr 24 25 (bow_v1 24 25))) (hd-pct_c 25 27 (n_sg_ilr 25 26 (low_n1 25 26)) (period_pct 26 27))))))))))))))	
ai-119	beemo/529	I'd offer you something to drink, but I'm afraid I don't have much in the way of beverages.	(cl-cl_crd-t_c 0 22 (sb-hd_mc_c 0 8 (hdn_bnp-qnt_c 0 1 (i 0 1)) (hd-cmp_u_c 1 8 (v_aux-cx-noinv_dlr 1 2 (would_aux_pos_cx_3 1 2)) (hd-cmp_u_c 2 8 (hd-cmp_u_c 2 4 (v_n3s-bse_ilr 2 3 (offer_v1 2 3)) (hdn_bnp-qnt_c 3 4 (you 3 4))) (hdn_bnp-qnt_c 4 8 (hdn-aj_rc_c 4 8 (hdn_optcmp_c 4 5 (something 4 5)) (cl_rc-inf-nwh_c 5 8 (hd-cmp_u_c 5 8 (to_c_prop 5 6) (hd_xcmp_c 6 8 (hd-pct_c 6 8 (v_n3s-bse_ilr 6 7 (drink_v1 6 7)) (comma_pct 7 8)))))))))) (mrk-nh_cl_c 8 22 (but_conj 8 9) (sb-hd_mc_c 9 22 (hdn_bnp-qnt_c 9 10 (i 9 10)) (hd-cmp_u_c 10 22 (v_aux-cx-noinv_dlr 10 11 (be_c_am_cx_3 10 11)) (hd-cmp_u_c 11 22 (afraid_a2 11 12) (sb-hd_nmc_c 12 22 (hdn_bnp-qnt_c 12 13 (i 12 13)) (hd-cmp_u_c 13 22 (do1_neg_4_u 13 14) (hd-cmp_u_c 14 22 (v_n3s-bse_ilr 14 15 (have-poss 14 15)) (hdn_bnp-qnt_c 15 22 (hdn-aj_redrel_c 15 22 (num_prt-nc_c 15 16 (much_a1 15 16)) (hd-cmp_u_c 16 22 (in 16 17) (sp-hd_n_c 17 22 (the_1 17 18) (hd-cmp_u_c 18 22 (n_sg_ilr 18 19 (way_n1 18 19)) (hd-cmp_u_c 19 22 (of_prtcl 19 20) (hdn_bnp_c 20 22 (hd-pct_c 20 22 (n_pl_olr 20 21 (beverage_n1 20 21)) (period_pct 21 22)))))))))))))))))	[something to drink]
ai-120	beemo/663	John's eyes latched onto the intruder's figure, specter-like and fully cloaked in an old-fashioned cloak.	-	
ai-121	beemo/818	The movie is known for its unique narrative structure, presented in reverse chronological order.	-	
ai-122	beemo/256	I am trapped in your form, caught between your body and the world around us, a part of you that you can never escape.	-	
ai-123	beemo/355	In addition to reducing screen time, please ensure that you clean your glasses regularly to maintain their clarity and effectiveness.	-	In addition to reducing screen time split apart
ai-124	beemo/370	From that day on, Ruby, Clyde, and Clara became an inseparable trio.	(flr-hd_nwh_c 0 16 (hd-cmp_u_c 0 5 (hd-cmp_u_c 0 3 (from_time_on 0 1) (sp-hd_n_c 1 3 (that_det 1 2) (hdn_optcmp_c 2 3 (n_sg_ilr 2 3 (day_n 2 3))))) (hd-pct_c 3 5 (on_prtcl 3 4) (comma_pct 4 5))) (sb-hd_nmc_c 5 16 (np-np_crd-t_c 5 11 (hdn_bnp-pn_c 5 7 (hd-pct_c 5 7 (n_sg_ilr 5 6 (generic_proper_ne 5 6)) (comma_pct 6 7))) (np-np_crd-m_c 7 11 (hdn_bnp-pn_c 7 9 (hd-pct_c 7 9 (n_sg_ilr 7 8 (clyde_n1 7 8)) (comma_pct 8 9))) (mrk-nh_nom_c 9 11 (and_conj 9 10) (hdn_bnp-pn_c 10 11 (n_sg_ilr 10 11 (clara_n1 10 11)))))) (hd_xaj-int-vp_c 11 16 (hd-cmp_u_c 11 16 (v_pst_olr 11 12 (become_v2 11 12)) (sp-hd_n_c 12 16 (an_det 12 13) (aj-hdn_norm_c 13 16 (inseparable_a1 13 14) (hd-pct_c 14 16 (n_sg_ilr 14 15 (trio_n1 14 15)) (period_pct 15 16))))))))	
ai-125	beemo/431	On the fourth day, something caught Alexei's eye.	(flr-hd_nwh_c 0 11 (hd-cmp_u_c 0 5 (on_day 0 1) (sp-hd_n_c 1 5 (the_1 1 2) (aj-hdn_norm_c 2 5 (fourth 2 3) (hdn_optcmp_c 3 5 (hd-pct_c 3 5 (n_sg_ilr 3 4 (day_n 3 4)) (comma_pct 4 5)))))) (sb-hd_nmc_c 5 11 (hdn_bnp-qnt_c 5 6 (hdn_optcmp_c 5 6 (something 5 6))) (hd_xaj-int-vp_c 6 11 (hd-cmp_u_c 6 11 (v_pst_olr 6 7 (catch_v1 6 7)) (sp-hd_n_c 7 11 (sp-hd_hc_c 7 9 (hdn_bnp-pn_c 7 8 (n_sg_ilr 7 8 (alexei_n1 7 8))) (apostrophe_s_12_lex 8 9)) (hd-pct_c 9 11 (n_sg_ilr 9 10 (eye_n1 9 10)) (period_pct 10 11)))))))	
ai-126	beemo/724	Jack's house was made of beer bottles, Jim's house was made of wine corks, and Joe's house was made of whiskey glasses.	-	fragment only
ai-127	beemo/640	But as he stood there, on the precipice of the hill, Cedric realized that the journey had been worth it, after all.	(flr-hd_nwh_c 0 26 (hd-cmp_u_c 0 13 (but_prd_p1 0 1) (hd-aj_int-unsl_c 1 13 (hd-cmp_u_c 1 6 (as_subord_nmod 1 2) (sb-hd_nmc_c 2 6 (hdn_bnp-qnt_c 2 3 (he 2 3)) (hd-cmp_u_c 3 6 (v_pst_olr 3 4 (stand_v4 3 4)) (hdn_bnp-qnt_c 4 6 (hd-pct_c 4 6 (there_nom 4 5) (comma_pct 5 6)))))) (hd-cmp_u_c 6 13 (on 6 7) (sp-hd_n_c 7 13 (the_1 7 8) (hdn-aj_redrel_c 8 13 (n_sg_ilr 8 9 (precipice_n1 8 9)) (hd-cmp_u_c 9 13 (of_poss 9 10) (sp-hd_n_c 10 13 (the_1 10 11) (hd-pct_c 11 13 (n_sg_ilr 11 12 (hill_n1 11 12)) (comma_pct 12 13))))))))) (sb-hd_nmc_c 13 26 (hdn_bnp-pn_c 13 14 (n_sg_ilr 13 14 (cedric_n1 13 14))) (hd-cmp_u_c 14 26 (hd_optcmp_c 14 15 (v_pst_olr 14 15 (realize_v2 14 15))) (hd-cmp_u_c 15 26 (that_comp 15 16) (sb-hd_nmc_c 16 26 (sp-hd_n_c 16 18 (the_1 16 17) (hdn_optcmp_c 17 18 (n_sg_ilr 17 18 (journey_n1 17 18)))) (hd-cmp_u_c 18 26 (had_aux 18 19) (hd-cmp_u_c 19 26 (be_c_been 19 20) (hd-aj_int-unsl_c 20 26 (hd_xaj-int-vp_c 20 23 (hd-cmp_u_c 20 23 (worth 20 21) (hdn_bnp-qnt_c 21 23 (hd-pct_c 21 23 (it2 21 22) (comma_pct 22 23))))) (hd-cmp_u_c 23 26 (after_p 23 24) (hdn_bnp-qnt_c 24 26 (hd-pct_c 24 26 (det_prt-nocmp_dlr 24 25 (all 24 25)) (period_pct 25 26))))))))))))	
ai-128	beemo/475	Chatbot: Hello, this is a message from your creditor.	-	Chatbot: read as part of the subject
ai-129	beemo/442	It could be a coin from the Civil War, a piece of jewelry from the Victorian era, or even a long-lost piece of pirate treasure.	-	the list coordinated inside from-phrase
ai-130	beemo/494	As time went on, we grew to trust him more and more.	(aj-hd_scp_c 0 14 (hd-cmp_u_c 0 5 (as_subord 0 1) (sb-hd_nmc_c 1 5 (hdn_bnp_c 1 2 (n_ms_ilr 1 2 (time_n3 1 2))) (hd-cmp_u_c 2 5 (v_pst_olr 2 3 (go_v1 2 3)) (hd-pct_c 3 5 (on_adv 3 4) (comma_pct 4 5))))) (sb-hd_mc_c 5 14 (hdn_bnp-qnt_c 5 6 (we 5 6)) (hd-cmp_u_c 6 14 (v_pst_olr 6 7 (grow_v4 6 7)) (hd-cmp_u_c 7 14 (to_c_prop 7 8) (hd-aj_int-unsl_c 8 14 (hd-cmp_u_c 8 10 (v_n3s-bse_ilr 8 9 (trust_v1 8 9)) (hdn_bnp-qnt_c 9 10 (him 9 10))) (hd-pct_c 10 14 (more_and_more_adv1 10 13) (period_pct 13 14)))))))	
ai-131	beemo/650	I know this felt like a surprise to you, but you're strong enough to get through it.	(sb-hd_mc_c 0 20 (hdn_bnp-qnt_c 0 1 (i 0 1)) (hd-cmp_u_c 1 20 (v_n3s-bse_ilr 1 2 (know_v2 1 2)) (cl-cl_crd-t_c 2 20 (sb-hd_nmc_c 2 10 (hdn_bnp-qnt_c 2 3 (hdn_optcmp_c 2 3 (this_deix 2 3))) (hd_optcmp_c 3 10 (hd-cmp_u_c 3 10 (v_pst_olr 3 4 (feel_v5 3 4)) (hd-cmp_u_c 4 10 (like_p 4 5) (sp-hd_n_c 5 10 (a_det 5 6) (hdn-aj_redrel_c 6 10 (n_ms-cnt_ilr 6 7 (surprise_n1 6 7)) (hd-cmp_u_c 7 10 (to_nmod 7 8) (hdn_bnp-qnt_c 8 10 (hd-pct_c 8 10 (you 8 9) (comma_pct 9 10)))))))))) (mrk-nh_cl_c 10 20 (but_conj 10 11) (sb-hd_nmc_c 11 20 (hdn_bnp-qnt_c 11 12 (you 11 12)) (hd-cmp_u_c 12 20 (v_aux-cx-noinv_dlr 12 13 (be_c_are_cx_2 12 13)) (hd-cmp_u_c 13 20 (hd-cmp_u_c 13 15 (j_enough-wc-nogap_dlr 13 14 (strong_a1 13 14)) (enough_deg 14 15)) (hd-cmp_u_c 15 20 (to_c_prop 15 16) (hd-cmp_u_c 16 20 (v_n3s-bse_ilr 16 17 (get_prd_v1 16 17)) (hd-cmp_u_c 17 20 (through 17 18) (hdn_bnp-qnt_c 18 20 (hd-pct_c 18 20 (it2 18 19) (period_pct 19 20)))))))))))))	two clauses joined by but
ai-132	beemo/716	I think I can make the most of the rest of my day now.	(sb-hd_mc_c 0 15 (hdn_bnp-qnt_c 0 1 (i 0 1)) (hd-cmp_u_c 1 15 (hd_optcmp_c 1 2 (v_n3s-bse_ilr 1 2 (think1 1 2))) (sb-hd_nmc_c 2 15 (hdn_bnp-qnt_c 2 3 (i 2 3)) (hd-cmp_u_c 3 15 (can_aux_pos 3 4) (hd-aj_int-unsl_c 4 15 (hd-cmp_u_c 4 13 (v_n3s-bse_ilr 4 5 (make_v1 4 5)) (hdn_bnp-qnt_c 5 13 (hd-cmp_u_c 5 13 (det_prt-of-agr_dlr 5 7 (the_most_det 5 7)) (hd-cmp_u_c 7 13 (of_prtcl 7 8) (sp-hd_n_c 8 13 (the_1 8 9) (hd-cmp_u_c 9 13 (n_sg_ilr 9 10 (rest_n2 9 10)) (hd-cmp_u_c 10 13 (of_prtcl 10 11) (sp-hd_n_c 11 13 (my 11 12) (hdn_optcmp_c 12 13 (n_sg_ilr 12 13 (day_n 12 13))))))))))) (np_adv_c 13 15 (hdn_bnp-qnt_c 13 15 (hd-pct_c 13 15 (now_adv 13 14) (period_pct 14 15)))))))))	make [the most of the rest of my day]
ai-133	beemo/270	The combination of live actors and cutting-edge technology made for a truly unforgettable encounter.	(sb-hd_mc_c 0 17 (sp-hd_n_c 0 10 (the_1 0 1) (hd-cmp_u_c 1 10 (n_sg_ilr 1 2 (combination_n1 1 2)) (hd-cmp_u_c 2 10 (of_prtcl 2 3) (hdn_bnp_c 3 10 (n-n_crd-div-t_c 3 10 (aj-hdn_norm_c 3 5 (live_a1 3 4) (n_pl_olr 4 5 (actor_n1 4 5))) (mrk-nh_n_c 5 10 (and_conj 5 6) (n-hdn_cpd_c 6 10 (sp-hd_hc_c 6 9 (cutting_n1 6 7) (hd-cmp_u_c 7 9 (x_to_y_nbar_hyphen 7 8) (n_sg_ilr 8 9 (edge_n2 8 9)))) (n_ms-cnt_ilr 9 10 (technology_n1 9 10))))))))) (hd-cmp_u_c 10 17 (v_pst_olr 10 11 (make_for_v1 10 11)) (hd-cmp_u_c 11 17 (for_prtcl 11 12) (sp-hd_n_c 12 17 (a_det 12 13) (aj-hdn_norm_c 13 17 (aj-hd_int_c 13 15 (truly 13 14) (generic_adj 14 15)) (hd-pct_c 15 17 (n_sg_ilr 15 16 (encounter_n1 15 16)) (period_pct 16 17)))))))	
ai-134	beemo/373	Our atmosphere is casual and relaxed, making us the perfect place for lunch or dinner with friends and family.	-	making-clause attached to the second conjunct only
ai-135	beemo/494	At first, we were all a bit wary of him.	(flr-hd_nwh_c 0 12 (hd-pct_c 0 3 (at_first_adv1 0 2) (comma_pct 2 3)) (sb-hd_nmc_c 3 12 (hdn_bnp-qnt_c 3 4 (we 3 4)) (hd-cmp_u_c 4 12 (be_c_were 4 5) (aj-hd_int_c 5 12 (all_adj_mod 5 6) (sp-hd_hc_c 6 12 (mnp_deg-prd_c 6 8 (num-n_mnp_c 6 8 (a_one_adj 6 7) (n_sg_ilr 7 8 (bit_n1 7 8)))) (hd_xaj-int-vp_c 8 12 (hd-cmp_u_c 8 12 (wary_a1 8 9) (hd-cmp_u_c 9 12 (of_prtcl 9 10) (hdn_bnp-qnt_c 10 12 (hd-pct_c 10 12 (him 10 11) (period_pct 11 12)))))))))))	[a bit] wary of him
ai-136	beemo/524	I would like you to name them something sexy and alluring.	(sb-hd_mc_c 0 12 (hdn_bnp-qnt_c 0 1 (i 0 1)) (hd-cmp_u_c 1 12 (would_aux_pos 1 2) (hd-cmp_u_c 2 12 (hd-cmp_u_c 2 4 (v_n3s-bse_ilr 2 3 (like_v4 2 3)) (hdn_bnp-qnt_c 3 4 (you 3 4))) (hd-cmp_u_c 4 12 (to_c_prop 4 5) (hd-cmp_u_c 5 12 (hd-cmp_u_c 5 7 (v_n3s-bse_ilr 5 6 (name_v2 5 6)) (hdn_bnp-qnt_c 6 7 (them 6 7))) (hdn_bnp-qnt_c 7 12 (hdn-aj_redrel_c 7 12 (hdn_optcmp_c 7 8 (something 7 8)) (j-j_crd-prd-t_c 8 12 (sexy_a1 8 9) (mrk-nh_evnt_c 9 12 (and_conj 9 10) (hd-pct_c 10 12 (alluring_a1 10 11) (period_pct 11 12)))))))))))	
ai-137	beemo/474	Thank you for taking the time to consider this.	(hd_imp_c 0 10 (hd-aj_int-unsl_c 0 10 (hd-cmp_u_c 0 2 (v_n3s-bse_ilr 0 1 (thank_v1 0 1)) (hdn_bnp-qnt_c 1 2 (you 1 2))) (hd-cmp_u_c 2 10 (for 2 3) (hdn_bnp-vger_c 3 10 (vp_np-ger_c 3 10 (hd-cmp_u_c 3 10 (hd-cmp_u_c 3 6 (v_prp_olr 3 4 (take_v2 3 4)) (sp-hd_n_c 4 6 (the_1 4 5) (n_sg_ilr 5 6 (time_n1 5 6)))) (hd-cmp_u_c 6 10 (to_c_prop 6 7) (hd-cmp_u_c 7 10 (v_n3s-bse_ilr 7 8 (consider_v5 7 8)) (hdn_bnp-qnt_c 8 10 (hdn_optcmp_c 8 10 (hd-pct_c 8 10 (this_deix 8 9) (period_pct 9 10))))))))))))	
ai-138	beemo/709	Gizzle learned much from his human friend, and soon, he too experienced the joy of friendship.	(cl-cl_crd-t_c 0 19 (sb-hd_mc_c 0 8 (hdn_bnp-pn_c 0 1 (n_sg_ilr 0 1 (generic_proper_ne 0 1))) (hd-aj_int-unsl_c 1 8 (hd-cmp_u_c 1 3 (v_pst_olr 1 2 (learn_v1 1 2)) (hdn_bnp-qnt_c 2 3 (num_prt-nc_c 2 3 (much_a1 2 3)))) (hd-cmp_u_c 3 8 (from 3 4) (sp-hd_n_c 4 8 (his_poss 4 5) (aj-hdn_norm_c 5 8 (human_a1 5 6) (hdn_optcmp_c 6 8 (hd-pct_c 6 8 (n_sg_ilr 6 7 (friend_n1 6 7)) (comma_pct 7 8)))))))) (mrk-nh_cl_c 8 19 (and_conj 8 9) (flr-hd_nwh_c 9 19 (np_adv_c 9 11 (hdn_bnp-qnt_c 9 11 (hd-pct_c 9 11 (soon_adv1 9 10) (comma_pct 10 11)))) (sb-hd_nmc_c 11 19 (hdn_bnp-qnt_c 11 12 (he 11 12)) (aj-hd_scp-xp_c 12 19 (too 12 13) (hd_xaj-int-vp_c 13 19 (hd-cmp_u_c 13 19 (v_pst_olr 13 14 (experience_v1 13 14)) (sp-hd_n_c 14 19 (the_1 14 15) (hdn-aj_redrel_c 15 19 (n_ms-cnt_ilr 15 16 (joy_n1 15 16)) (hd-cmp_u_c 16 19 (of_poss 16 17) (hdn_bnp_c 17 19 (hd-pct_c 17 19 (n_ms-cnt_ilr 17 18 (friendship_n1 17 18)) (period_pct 18 19)))))))))))))	learned much [from his friend], not much from
ai-139	beemo/661	As she trekked deeper into the woods, she caught a glimpse of movement in the corner of her eye.	(aj-hd_scp_c 0 21 (hd-cmp_u_c 0 8 (as_subord 0 1) (sb-hd_nmc_c 1 8 (hdn_bnp-qnt_c 1 2 (she 1 2)) (hd-cmp_u_c 2 8 (v_pst_olr 2 3 (trek_v1 2 3)) (aj-hd_int_c 3 8 (deeper_adv1 3 4) (hd-cmp_u_c 4 8 (into 4 5) (sp-hd_n_c 5 8 (the_1 5 6) (hd-pct_c 6 8 (woods_n1 6 7) (comma_pct 7 8)))))))) (sb-hd_mc_c 8 21 (hdn_bnp-qnt_c 8 9 (she 8 9)) (hd-cmp_u_c 9 21 (v_pst_olr 9 10 (catch_v1 9 10)) (sp-hd_n_c 10 21 (a_det 10 11) (hdn-aj_redrel_c 11 21 (hd-cmp_u_c 11 14 (n_sg_ilr 11 12 (glimpse_n1 11 12)) (hd-cmp_u_c 12 14 (of_prtcl 12 13) (hdn_bnp_c 13 14 (hdn_optcmp_c 13 14 (n_ms-cnt_ilr 13 14 (movement_n1 13 14)))))) (hd-cmp_u_c 14 21 (in 14 15) (sp-hd_n_c 15 21 (the_1 15 16) (hd-cmp_u_c 16 21 (n_sg_ilr 16 17 (corner_n1 16 17)) (hd-cmp_u_c 17 21 (of_prtcl 17 18) (sp-hd_n_c 18 21 (her_poss 18 19) (hd-pct_c 19 21 (n_sg_ilr 19 20 (eye_n1 19 20)) (period_pct 20 21))))))))))))	
ai-140	beemo/431	His cabin lay just a mile ahead, but with the road blocked by lava and falling rocks, it seemed like an impossible distance to cross.	(cl-cl_crd-t_c 0 28 (sb-hd_mc_c 0 8 (sp-hd_n_c 0 2 (his_poss 0 1) (n_sg_ilr 1 2 (cabin_n1 1 2))) (hd-cmp_u_c 2 8 (v_pst_olr 2 3 (lie_v3 2 3)) (sp-hd_hc_c 3 8 (sp-hd_hc_c 3 6 (just_deg 3 4) (mnp_deg-prd_c 4 6 (num-n_mnp_c 4 6 (a_one_adj 4 5) (n_sg_ilr 5 6 (mile_n1 5 6))))) (hd-pct_c 6 8 (ahead_adv 6 7) (comma_pct 7 8))))) (mrk-nh_cl_c 8 28 (but_conj 8 9) (aj-hd_scp_c 9 28 (hd-cmp_u_c 9 17 (hd-cmp_u_c 9 12 (with_subord 9 10) (sp-hd_n_c 10 12 (the_1 10 11) (n_sg_ilr 11 12 (road_n1 11 12)))) (vppr-vppr_crd-t_c 12 17 (hd-cmp_u_c 12 15 (v_pas_odlr 12 13 (block_v1 12 13)) (hd-cmp_u_c 13 15 (by_pass_p 13 14) (hdn_bnp_c 14 15 (n_ms_ilr 14 15 (lava_n1 14 15))))) (mrk-nh_evnt_c 15 17 (and_conj 15 16) (hd_optcmp_c 16 17 (v_prp_olr 16 17 (fall_v1 16 17)))))) (flr-hd_nwh_c 17 28 (hdn_bnp_c 17 19 (hd-pct_c 17 19 (n_pl_olr 17 18 (rock_n1 17 18)) (comma_pct 18 19))) (sb-hd_nmc_c 19 28 (it 19 20) (hd-cmp_u_c 20 28 (hd_optcmp_c 20 21 (v_pst_olr 20 21 (seem_v3 20 21))) (hd_xsb-fin_c 21 28 (hd-cmp_u_c 21 28 (hd-cmp_u_c 21 25 (v_n3s-bse_ilr 21 22 (like_v4 21 22)) (sp-hd_n_c 22 25 (an_det 22 23) (aj-hdn_norm_c 23 25 (j_att_dlr 23 24 (impossible_a1 23 24)) (n_ms-cnt_ilr 24 25 (distance_n1 24 25))))) (hd-cmp_u_c 25 28 (to_c_prop 25 26) (hd_optcmp_c 26 28 (hd-pct_c 26 28 (v_n3s-bse_ilr 26 27 (cross_v2 26 27)) (period_pct 27 28))))))))))))	
ai-141	beemo/355	As a reminder, I have been designed to assist you in all aspects of your life, from reading to watching television.	(flr-hd_nwh_c 0 24 (hd-cmp_u_c 0 4 (as_p1 0 1) (sp-hd_n_c 1 4 (a_det 1 2) (hd-pct_c 2 4 (n_sg_ilr 2 3 (reminder_n1 2 3)) (comma_pct 3 4)))) (sb-hd_nmc_c 4 24 (hdn_bnp-qnt_c 4 5 (i 4 5)) (hd-cmp_u_c 5 24 (have_fin_aux 5 6) (hd-cmp_u_c 6 24 (be_c_been 6 7) (hd-cmp_u_c 7 24 (hd_optcmp_c 7 8 (v_pas_odlr 7 8 (design_v2 7 8))) (hd-cmp_u_c 8 24 (to_c_prop 8 9) (hd-aj_int-unsl_c 9 24 (hd_xaj-int-vp_c 9 11 (hd-cmp_u_c 9 11 (v_n3s-bse_ilr 9 10 (assist_v1 9 10)) (hdn_bnp-qnt_c 10 11 (you 10 11)))) (hd-cmp_u_c 11 24 (in 11 12) (sp-hd_n_c 12 24 (all 12 13) (hdn-aj_redrel_c 13 24 (n_pl_olr 13 14 (aspect_n1 13 14)) (hd-aj_int-unsl_c 14 24 (hd-cmp_u_c 14 18 (of_poss 14 15) (sp-hd_n_c 15 18 (your 15 16) (hdn_optcmp_c 16 18 (hd-pct_c 16 18 (n_ms-cnt_ilr 16 17 (life_n1 16 17)) (comma_pct 17 18))))) (hd-cmp_u_c 18 24 (from 18 19) (hdn_bnp-vger_c 19 24 (vp_np-ger_c 19 24 (hd-aj_int-unsl_c 19 24 (hd_optcmp_c 19 20 (v_prp_olr 19 20 (read_v1 19 20))) (hd-cmp_u_c 20 24 (to 20 21) (hdn_bnp-vger_c 21 24 (vp_np-ger_c 21 24 (hd-cmp_u_c 21 24 (v_prp_olr 21 22 (watch_v1 21 22)) (hdn_bnp_c 22 24 (hd-pct_c 22 24 (n_ms-cnt_ilr 22 23 (television_n1 22 23)) (period_pct 23 24))))))))))))))))))))))	[all aspects of your life, from reading to watching television]
ai-142	beemo/515	But this is what makes the novel so fascinating; Owen's character forces readers to question their own moral values, and it's a journey worth taking.	-	
ai-143	beemo/531	It's like cracking open a giant Easter egg, but instead of chocolate, you get a molten hot core!	-	fragment only
ai-144	beemo/380	I bark at houses and hotels, Each one a treasure, each one my goal.	-	
ai-145	beemo/538	Always bring plenty of water, snacks, and layers, and be prepared for changing weather conditions.	(sb-hd_mc_c 0 19 (vp-vp_crd-nfin-t_c 0 16 (aj-hd_int_c 0 11 (always_adv1 0 1) (hd-cmp_u_c 1 11 (v_n3s-bse_ilr 1 2 (bring_v1 1 2)) (hdn_bnp_c 2 11 (hd-cmp_u_c 2 11 (n_ms_ilr 2 3 (plenty_n 2 3)) (hd-cmp_u_c 3 11 (of_prtcl 3 4) (hdn_bnp_c 4 11 (n-n_crd-div-t_c 4 11 (hd-pct_c 4 6 (n_ms-cnt_ilr 4 5 (water_n2 4 5)) (comma_pct 5 6)) (n-n_crd-m_c 6 11 (hd-pct_c 6 8 (n_pl_olr 6 7 (snack_n1 6 7)) (comma_pct 7 8)) (mrk-nh_n_c 8 11 (and_conj 8 9) (hdn_optcmp_c 9 11 (hd-pct_c 9 11 (n_pl_olr 9 10 (layer_n1 9 10)) (comma_pct 10 11)))))))))))) (mrk-nh_evnt_c 11 16 (and_conj 11 12) (hd-cmp_u_c 12 16 (be_c_be 12 13) (hd-aj_scp_c 13 16 (hd_optcmp_c 13 15 (hd-cmp_u_c 13 15 (v_pas-p_odlr 13 14 (prepare_for_v1 13 14)) (for_prtcl 14 15))) (vp_sbrd-prd-prp_c 15 16 (v_prp_olr 15 16 (change_v2 15 16))))))) (vp_cp-sb-inf_c 16 19 (hd-cmp_u_c 16 19 (v_n3s-bse_ilr 16 17 (weather_v1 16 17)) (hdn_bnp_c 17 19 (hdn_optcmp_c 17 19 (hd-pct_c 17 19 (n_pl_olr 17 18 (condition_n1 17 18)) (period_pct 18 19)))))))	
ai-146	beemo/643	He was a stranger, come blowin' in from the east, with a face that looked like it could shave a man's hide off in seconds.	-	
ai-147	beemo/716	I should focus on the positives.	(sb-hd_mc_c 0 7 (hdn_bnp-qnt_c 0 1 (i 0 1)) (hd-cmp_u_c 1 7 (should_aux_pos 1 2) (hd-cmp_u_c 2 7 (v_n3s-bse_ilr 2 3 (focus_on_v1 2 3)) (hd-cmp_u_c 3 7 (on_prtcl 3 4) (sp-hd_n_c 4 7 (the_1 4 5) (hd-pct_c 5 7 (n_pl_olr 5 6 (positive_n1 5 6)) (period_pct 6 7)))))))	
ai-148	beemo/832	It is named after the Italian mathematician Leonardo Fibonacci, who introduced it to the Western world in his 1202 book Liber Abaci.	-	who-clause attached to the verb phrase
ai-149	beemo/715	The day spa is a more appropriate setting for my services as it offers a more tranquil and indulgent environment.	-	fragment only
ai-150	beemo/250	They had learned the hard way that sometimes, it was best to obey the orders of those who held such powerful sway over those around them.	-	fragment only
ai-151	beemo/419	Alflatabulous, this is the best knock-knock joke ever!	-	
ai-152	beemo/313	The thought of joining you in such an intricate cosmic waltz fills me with hope and yearning.	(sb-hd_mc_c 0 18 (sp-hd_n_c 0 11 (the_1 0 1) (hd-cmp_u_c 1 11 (n_ms-cnt_ilr 1 2 (thought_n1 1 2)) (hd-cmp_u_c 2 11 (of_prtcl 2 3) (hdn_bnp-vger_c 3 11 (vp_np-ger_c 3 11 (hd-aj_int-unsl_c 3 11 (hd-cmp_u_c 3 5 (v_prp_olr 3 4 (join_v1 3 4)) (hdn_bnp-qnt_c 4 5 (you 4 5))) (hd-cmp_u_c 5 11 (in 5 6) (sp-hd_n_c 6 11 (such_an_det 6 8) (aj-hdn_adjn_c 8 11 (intricate_a1 8 9) (aj-hdn_norm_c 9 11 (cosmic_a1 9 10) (n_sg_ilr 10 11 (waltz_n1 10 11)))))))))))) (hd-aj_int-unsl_c 11 18 (hd-cmp_u_c 11 13 (v_3s-fin_olr 11 12 (fill_v1 11 12)) (hdn_bnp-qnt_c 12 13 (me 12 13))) (hd-cmp_u_c 13 18 (with_p 13 14) (hdn_bnp_c 14 18 (n-n_crd-mass-t_c 14 18 (hdn_optcmp_c 14 15 (n_ms-cnt_ilr 14 15 (hope_n1 14 15))) (mrk-nh_n_c 15 18 (and_conj 15 16) (hd-pct_c 16 18 (n_ms-cnt_ilr 16 17 (yearning_n1 16 17)) (period_pct 17 18))))))))	
ai-153	beemo/250	"Why do you not kneel before me?" he asked, his eyes never leaving their faces.	(hd-aj_scp-pr-mc_c 0 20 (flr-hd_nwh_c 0 13 (flr-hd_wh-mc_c 0 10 (pct-hd_c 0 2 (dqleft_pct 0 1) (why1 1 2)) (hd-cmp_u_c 2 10 (hd-cmp_u_c 2 5 (hd-cmp_u_c 2 4 (v_aux-sb-inv_dlr 2 3 (v_aux-advadd_dlr 2 3 (do1_pos 2 3))) (hdn_bnp-qnt_c 3 4 (you 3 4))) (not 4 5)) (hd-aj_int-unsl_c 5 10 (hd_xaj-int-vp_c 5 6 (v_n3s-bse_ilr 5 6 (kneel_v1 5 6))) (hd-cmp_u_c 6 10 (before3 6 7) (hdn_bnp-qnt_c 7 10 (hd-pct_c 7 10 (hd-pct_c 7 9 (me 7 8) (qmark_pct 8 9)) (dqright_pct 9 10))))))) (sb-hd_nmc_c 10 13 (hdn_bnp-qnt_c 10 11 (he 10 11)) (hd_xcmp_c 11 13 (hd-pct_c 11 13 (v_pst_olr 11 12 (ask_v6 11 12)) (comma_pct 12 13))))) (np-prdp_vpmod_c 13 20 (sp-hd_n_c 13 15 (his_poss 13 14) (n_pl_olr 14 15 (eye_n1 14 15))) (aj-hd_scp-xp_c 15 20 (never_adv1 15 16) (hd-cmp_u_c 16 20 (v_prp_olr 16 17 (leave_v1 16 17)) (sp-hd_n_c 17 20 (their 17 18) (hd-pct_c 18 20 (n_pl_olr 18 19 (face_n1 18 19)) (period_pct 19 20)))))))	
ai-154	beemo/832	That is, the sequence goes: 0, 1, 1, 2, 3, 5, 8, 13, 21, 34, and so forth.	-	
ai-155	beemo/835	Kimono-wearing has also become a popular tourist activity, with many shops and schools offering kimono rental and dressing services.	-	
ai-156	beemo/269	As it approached, the crew reported that the object emitted a bright, pulsating light, which illuminated the surrounding area with a white glow.	-	
ai-157	beemo/269	John Thompson, attempted to establish communication with the object using the ship's radio.	-	ungrammatical comma after the subject
ai-158	beemo/378	He was fiercely protective of Felicity, and would often curl up in her lap as she pored over her beloved books.	(hd-aj_scp_c 0 23 (sb-hd_mc_c 0 15 (hdn_bnp-qnt_c 0 1 (he 0 1)) (vp-vp_crd-fin-t_c 1 15 (hd-cmp_u_c 1 7 (be_c_was 1 2) (aj-hd_int_c 2 7 (fiercely_adv 2 3) (hd-cmp_u_c 3 7 (protective_a1 3 4) (hd-cmp_u_c 4 7 (of_prtcl 4 5) (hdn_bnp_c 5 7 (hd-pct_c 5 7 (n_ms_ilr 5 6 (felicity_n1 5 6)) (comma_pct 6 7))))))) (mrk-nh_evnt_c 7 15 (and_conj 7 8) (hd-cmp_u_c 8 15 (would_aux_pos 8 9) (aj-hd_int_c 9 15 (often_adv1 9 10) (hd-cmp_u_c 10 15 (v_n3s-bse_ilr 10 11 (curl_v1 10 11)) (hd-aj_int-unsl_c 11 15 (up_adv1 11 12) (hd-cmp_u_c 12 15 (in 12 13) (sp-hd_n_c 13 15 (her_poss 13 14) (n_sg_ilr 14 15 (lap_n1 14 15))))))))))) (hd-cmp_u_c 15 23 (as_subord 15 16) (sb-hd_nmc_c 16 23 (hdn_bnp-qnt_c 16 17 (she 16 17)) (hd-cmp_u_c 17 23 (v_pst_olr 17 18 (pore_over_v1 17 18)) (hd-cmp_u_c 18 23 (over_prtcl 18 19) (sp-hd_n_c 19 23 (her_poss 19 20) (aj-hdn_norm_c 20 23 (beloved_a1 20 21) (hdn_optcmp_c 21 23 (hd-pct_c 21 23 (n_pl_olr 21 22 (book_n1 21 22)) (period_pct 22 23))))))))))	
ai-159	beemo/431	The power was gone, as was his cell phone service.	(hd-aj_scp-pr-mc_c 0 12 (sb-hd_mc_c 0 5 (sp-hd_n_c 0 2 (the_1 0 1) (n_ms-cnt_ilr 1 2 (power_n1 1 2))) (hd-cmp_u_c 2 5 (be_c_was 2 3) (hd-pct_c 3 5 (gone_a1 3 4) (comma_pct 4 5)))) (hd-cmp_u_c 5 12 (as_subord_inv 5 6) (hd-cmp_u_c 6 12 (v_aux-sb-inv-ell_dlr 6 7 (v_aux-ell-ref_dlr 6 7 (be_c_was 6 7))) (sp-hd_n_c 7 12 (his_poss 7 8) (n-hdn_cpd_c 8 12 (n-hdn_cpd_c 8 10 (cell_n1 8 9) (phone_n1 9 10)) (hd-pct_c 10 12 (n_ms-cnt_ilr 10 11 (service_n1 10 11)) (period_pct 11 12)))))))	[cell phone] service
