# id	genre	source	format	text	annotated errors
gov-01	government	_pages/guidelines/concise/write-short-sentences.md	md	Express only one idea in each sentence. Long, complicated sentences often mean that you aren't sure about what you want to say. Shorter sentences are also better for conveying complex information; they break the information up into smaller, easier-to-process units.\n\nSentences loaded with dependent clauses and exceptions confuse the audience by losing the main point in a forest of words. Resist the temptation to put everything in one sentence; break up your idea into its parts and make each one the subject of its own sentence.\n\n* #### Before\n\n  Once the candidate's goals are established, one or more potential employers are identified. A preliminary proposal for presentation to the employer is developed. The proposal is presented to an employer who agrees to negotiate an individualized job that meets the employment needs of the applicant and real business needs of the employer.\n\n* #### After\n\n  Once we establish your goals, we identify one or more potential employers. We prepare a preliminary proposal to present to an employer who agrees to negotiate a job that meets both his and your employment needs.\n\nComplexity is the greatest enemy of clear communication. You may need to be especially inventive to translate complicated provisions into more manageable language. In the following example, we have made an "if" clause into a separate sentence. By beginning the first sentence with "suppose" (that is, "if") and the second sentence with "in this case" (that is, "then") we have preserved the relationship between the two.\n\n* #### Before\n\n  If you take less than your entitled share of production for any month, but you pay royalties on the full volume of your entitled share in accordance with the provisions of this section, you will owe no additional royalty for that lease for prior periods when you later take more than your entitled share to balance your account. This also applies when the other participants pay you money to balance your account.\n\n* #### After\n\n  Suppose that one month you pay royalties on your full share of production but take less than your entitled share. In this case, you may balance your account in one of the following ways without having to pay more royalty. You may either:\n\n  - Take more than your entitled share in the future; or\n  - Accept payment from other participants\n	
gov-02	government	_pages/guidelines/concise/write-short-paragraphs.md	md	Write short paragraphs and cover one topic per paragraph. Long paragraphs discourage users from even trying to understand your material. Short paragraphs are easier to read and understand.\n\nWriting experts recommend paragraphs of no more than 150 words in three to eight sentences. Paragraphs should never be longer than 250 words. Vary the lengths of your paragraphs to make them more interesting. As with sentence length, if all paragraphs are the same size your writing will be choppy.\n\nThere is nothing wrong with an occasional one-sentence paragraph.\n\nUsing short paragraphs is an ideal way to open up your writing and create white space. In turn, this makes your writing more inviting and easier to read.\n\nAlong with breaking material up into shorter paragraphs, consider [adding headings for each paragraph]() as we did in the following example.\n\n## Example\n\n* ### Long, dense paragraph\n  #### Before\n\n  **Flu Medication**\n\n  A specific vaccine for humans that is effective in preventing avian influenza is not yet readily available. Based upon limited data, the CDC has suggested that the anti-viral medication Oseltamivir (brand name-Tamiflu) may be effective in treating avian influenza. Using this input, the Department of State has decided to pre-position the drug Tamiflu at its Embassies and Consulates worldwide, for eligible U.S. Government employees and their families serving abroad who become ill with avian influenza. We emphasize that this medication cannot be made available to private U.S. citizens abroad. Because of this, and because Tamiflu may not be readily available overseas, the State Department encourages American citizens traveling or living abroad to consult with their private physician about whether to obtain Tamiflu prior to travel, for use in the event treatment becomes necessary, or whether Tamiflu is readily available in the country where they reside. Americans should also be aware of the potential health risk posed by counterfeit drugs, including those represented as Tamiflu, by internet scam artists or in countries with lax regulations governing the production and distribution of pharmaceuticals. In addition, the Department of State has asked its embassies and consulates to consider preparedness measures that take into consideration the fact that travel into or out of a country may not be possible, safe or medically advisable. Guidance on how private citizens can prepare for a "stay in place" response, including stockpiling food, water, and medical supplies, is available on the CDC and pandemicflu.gov websites.\n\n* ### Divided into paragraphs\n  #### After\n\n  **Flu medication for government employees**\n\n  A specific vaccine for humans effective in preventing avian influenza is not yet readily available. Based on limited data, the CDC suggested that the anti-viral medication Oseltamivir (brand name-Tamiflu) may be effective in treating avian influenza. Using this input, the Department of State decided to pre-position the drug Tamiflu at its Embassies and Consulates worldwide, for eligible U.S. Government employees and their families serving abroad who become ill with avian influenza.\n\n  **Flu medication for private citizens**\n\n  We emphasize that we can't make this medication available to private U.S. citizens abroad. Because of this, and because Tamiflu may not be readily available overseas, the State Department encourages American citizens traveling or living abroad to consult with their private physician about whether to get Tamiflu before they travel, whether to use if treatment becomes necessary, or if Tamiflu is readily available in the country where they live.\n\n  **Counterfeit drug warning**\n\n  Americans should also be aware of the potential health risk posed by counterfeit drugs, including those represented as Tamiflu, by internet scam artists or in countries with lax regulations governing the production and distribution of pharmaceuticals.\n\n  **Additional precautions**\n\n  In addition, the Department of State has asked its embassies and consulates to consider preparedness measures that consider that travel into or out of a country may not be possible, safe or medically advisable. Guidance on how private citizens can prepare for a "stay in place" response, including stockpiling food, water, and medical supplies, is available on the CDC and pandemicflu.gov websites.\n\n## Cover one topic in each paragraph\n\nLimit each paragraph or section to one topic to make it easier for your audience to understand your information. Each paragraph should start with a topic sentence that captures the essence of everything in the paragraph.\n\nPutting each topic in a separate paragraph makes your information easier to digest.\n\n## Example\n\n* #### Before\n\n  Notice of a bid advertisement shall be published in at least one local newspaper and in one trade publication at least 30 days in advance of sale. If applicable, the notice must identify the reservation within which the tracts to be leased are found. Specific descriptions of the tracts shall be available at the office of the superintendent. The complete text of the advertisement shall be mailed to each person listed on the appropriate agency mailing list.\n\n* #### After\n\n  1. Thirty days before the sale, we will publish a notice advertising bids. The notice will be in at least one local newspaper and in one trade publication. It will identify any reservation where the tracts to be leased are located.\n\n  2. We will share information about this process in two other ways. We will mail the advertisement to each person on the appropriate agency mailing list. We will also provide specific descriptions of the tracts at the superintendent's office.\n	
gov-03	government	_pages/guidelines/concise/use-positive-language.md	md	We're accustomed to thinking and speaking positively. When we write in the negative, we place another stumbling block in audience's way and make it more difficult for them to understand us. When you're going to meet a friend at the airport, do you say, "If you fail to arrive by 5:00, I cannot pick you up," or do you say, "You have to arrive by 5:00 if you want me to pick you up?"\n\n## Avoid double negatives\n\nWhen you write a sentence containing two negatives, they cancel each other out. Your sentence sounds negative, but is actually positive. As Rudolph Flesch (1979) says, these sentences require "a mental switch from no to yes."\n\nDon't say | Say\n--- | ---\n**No** approval of any noise compatibility program, or any portion of a program, may be implied **in the absence of** the agency's express approval. | You must get the agency's express approval for any noise compatibility program or any portion of a program.\n\nHere are some expressions that signal double negatives.\n\nDon't say | Say\n-------------------------- | -----------------\nno fewer than ...          | at least\nhas not yet attained       | is under\nmay not ... until          | may only ... when\nis not ... unless          | is ... only if\n\nMany ordinary words have a negative meaning, such as _unless, fail to, notwithstanding, except, other than, unlawful, disallowed, terminate, void, insufficient_, and so on. Watch out for them when they appear after _not_. Find a positive word to express your meaning.\n\nDon't say | Say\n--- | ---\nAn application for a grant does not become void unless the applicant's failure to provide requested information is unreasonable under the circumstances. | An application for a grant remains active if the applicant provides the information we request within a reasonable time.\n\n## Avoid exceptions to exceptions\n\nAn exception that contains an exception is just another form of a double negative. That makes it even harder for the user to puzzle out. Rewrite the sentence to emphasize the positive.\n\nDon't say | Say\n----- | -----\nApplicants may be granted a permit to prospect for geothermal resources on any federal lands except lands in the National Park System, unless the applicant holds valid existing rights to the geothermal resources on the National Park System lands listed in the application. | You may be granted a permit to prospect for geothermal resources on any federal lands. This includes lands in the National Park System only if you hold valid existing rights to the park lands listed in your application.\n	
gov-04	government	_pages/guidelines/concise/keep-the-subject-verb-and-object-close-together.md	md	The natural word order of an English sentence is subject-verb-object. This is how you first learned to write sentences, and it's still the best way. When you put modifiers, phrases, or clauses between two or all three of these essential parts, you make it harder for the user to understand you.\n\nConsider this long, convoluted sentence:\n\n> If any member of the board retires, the company, at the discretion of the board, and after notice from the chairman of the board to all the members of the board at least 30 days before executing this option, may buy, and the retiring member must sell, the member's interest in the company.\n\nIn essence, the sentence says:\n\n> The company may buy a retiring member's interest.\n\nAll the rest of the material modifies the basic idea, and should be moved to another sentence or at least to the end of the sentence. Many sentences in regulations include "if-then" provisions. Often, "if" defines who is covered by a provision. Start your sentence with the "if" provision, and then list the "then" provisions. If the provision is complex, and especially if there are several different "if" provisions, use a different sentence for every "if," or consider using an if-then table.\n\nConsider this complex regulatory provision:\n\n> We must receive your completed application form on or before the 15th day of the second month following the month you are reporting if you do not submit your application electronically or the 25th day of the second month following the month you are reporting if you submit your application electronically.\n\nWhile still complex, the table is a significant improvement:\n\nIf you submit your form: | We must receive it by:\n--- | ---\nBy email | the 25th of the second month following the month you are reporting\nBy mail or fax | the 15th of the second month following the month you are reporting\n\nFor more information on tables see [Use tables to make complex material easier to understand]().\n	
gov-05	government	_pages/guidelines/web/write-effective-links.md	md	Links are about both content and navigation. Effective link names are key to satisfying your customers. Eyetracking studies show that links written in plain language are the most effective. Write plain language links so that the user understands exactly where the link will take them.\n\n- Link names should be the same as the page name linked to.\n- Don't use the full name of a document or program as a link name.\n- Be as explicit as you can. Too long is better than too short.\n- Make the link meaningful. Don't use "click here" or "read more."\n- Add a short description when needed to clarify the link.\n\nRemember, you may have users who rely on screen readers. Make sure your links are accessible to everyone. Taking the time to write descriptive link text has the added benefit of improving your [search engine optimization](https://moz.com/blog/click-here-seo).\n	
gov-06	government	_pages/guidelines/web/avoid-faqs.md	md	_This post was originally published on [DigitalGov](https://www.digitalgov.gov/2015/09/04/faqs-done-right/)._\n\nIf you write clear web content that is easy to navigate and answers your readers questions, you will not need to create a FAQ. FAQs often cause your readers more frustration.\n\nFrequently Asked Questions (FAQs) can be overwhelming and leave your customers searching through a sea of content. Before creating a FAQ, think about what you are trying to say, what you want people to do with that information, and the most effective way to convey that information. Often your best solution is a clear, well-organized main content page explaining a process.\n\n## How to write better FAQs\n\n- Supplement your main content with FAQs, but don’t try to replace the main content. Do not use FAQs to explain an entire process; a landing page should explain the basics.\n\n- Use real customer feedback. Do not assume what kinds of questions people will have. Monitor customer calls and emails to create helpful FAQs.\n\n- Use language that non-experts will understand. Use plain language when drafting FAQs. Do not burden your reader with insider jargon or undefined acronyms.\n\n- Provide unique content with your FAQs. When a FAQ has the same content as other Web pages, it usually means that the FAQ content is redundant and can easily become outdated, especially when content to the website is updated but the FAQs are not.\n\n- Limit the volume of content. When there are too many questions, searching through them can overwhelm the reader. They may never find an answer to their question.\n\n## Designing and editing FAQs\n\nIf your agency is using FAQs, the order, length, and content is critical in providing a good user experience. When editing, Catania uses the following process:\n\n1. Read through all of the FAQs first. Then, go through and group them by topic/subject.\n\n2. Develop headings for each section and organize the content in a way that would make sense to the reader.\n\n3. Read through each section and edit the content.\n  - Focus on steps in a process. Think about what the reader is trying to accomplish.\n  - Eliminate redundancies. This often helps with organization.\n\nFor a good agency example, see the Transportation Security Administration’s [Frequently Asked Questions about travel](https://www.tsa.gov/travel/frequently-asked-questions). This page:\n\n- Highlights real questions from flyers\n- Uses clear headings to chunk the FAQ into sections and accordion files to keep the page short\n- Has short, conversational questions\n\n## Turning FAQs into web content\n\nWhether you are trying to eliminate your FAQ section or make certain pieces of information more visible, you may find yourself turning FAQs into web content. Consider the following:\n\n- How many questions are in the FAQ?\n- Who will be looking at this content?\n- Is the current format helpful to the reader?\n- Is this information already available on the web in another format?\n- Is the current format easy for readers to navigate and understand?\n\nAt USCIS, the [Form Filing Tips](https://www.uscis.gov/forms-filing-tips) page began as a lengthy FAQ. Kathryn Catania’s team turned it into web content by adding jump links and headings for people to find their answer.\n\n## Resources\n\n- [Are FAQs Still Relevant?](https://www.digitalgov.gov/2015/04/27/are-faqs-still-relevant/), DigitalGov\n- [Don't Use FAQs](https://content-guide.18f.gov/structure-the-content/#dont-use-faqs), 18F\n- [FAQs Are the Dinosaurs of Web](http://gerrymcgovern.com/faqs-are-the-dinosaurs-of-web-navigation/), Gerry McGovern\n- [FAQs: Why We Don't Have Them](https://gds.blog.gov.uk/2013/07/25/faqs-why-we-dont-have-them/), GOV.UK Navigation\n	
gov-07	government	_pages/guidelines/design/minimize-cross-references.md	md	Nothing is more annoying than coming upon cross-references in reading material. Cross-references frustrate any attempt to write clearly and simply. Most users consider them a bother, and just skip over them. This can be a problem when the document is a regulation!\n\nNumerous cross-references can confuse users and make them less attentive to your message. They may also overtax your users' short-term memory. Imagine the work it would take a user to puzzle out just this one short section from our tax regulations ([26 CFR 1.1(h)-1](https://www.ecfr.gov/cgi-bin/text-idx?SID=07fa2f6b6e754de5e41592c32379152d&mc=true&node=se26.1.1_11_2h_3_61&rgn=div8)):\n\n> **(3) Section 1250 capital gain—(i) Definition.** For purposes of this section, section 1250 capital gain means the capital gain (not otherwise treated as ordinary income) that would be treated as ordinary income if section 1250(b)(1) included all depreciation and the applicable percentage under section 1250(a) were 100 percent.\n\nOn the other hand, repeating bulky material over and over can be equally annoying to users. So there is a place for cross-references, but the challenge is to not overdo them.\n\n## How to minimize cross-references\n\nThere are several ways to deal with cross-references. The best is to organize your material so you can **_eliminate the need for cross-references_**. Often, you are forced to resort to a cross-reference because the material isn't organized the way it should be, so material that belongs together is instead found in distant sections. However, given the complexity of some documents, it won't be possible to eliminate them all. If a cross-reference refers to **_brief material_**, just repeat that material and get rid of the cross-reference. Sometimes, careful thought may reveal that you've included an **_unnecessary cross-reference_**.\n\n### Refer users to another section\n\nIf the cross-reference is to **_lengthy material_** that, if included, would make the wording long and complicated, you may have to refer users to another section. Typically, this would include long descriptive material, such as a long list of items or a list of requirements that you want to apply to a new situation.\n\nBe sure that the reference you insert clearly describes the referenced material. That way, users can decide if they need to read it to know how the rule affects them. Sometimes just including the title of the referenced section is enough.\n\nLet's look at an example from the National Park Service.\n\nIn this excerpt, the first cross-reference is to brief material, so you can just repeat it here. The second cross-reference is to a long list of information; it's probably clearest to keep the cross-reference. The third cross-reference probably isn't necessary-the camper needs to know whether there is an animal emergency plan, but not the details of the plan contained in Section 52.\n\n* #### Before\n\n  If you hold one of the vehicle entry passes listed in Section 18 for entry into a national park, you may camp in that park. But you may not sleep in a tent if the park has declared one of the animal danger levels described in paragraphs (c) through (h) of Section 51, and the campsite is not covered by an animal emergency plan as described in Section 52.\n\n* #### After\n\n  If you hold a daily, weekly, or annual vehicle entry pass for a national park, you may camp in that park. But you may not sleep in a tent if the park has declared one of the animal danger levels described in paragraphs (c) through (h) of Section 51, and the campsite is not covered by an animal emergency plan.\n\n### Move cross-references to the end of a passage\n\nIf you must include cross-references, consider putting them at the end of the text, like a reference, rather than in the middle. This is less disruptive to the user, and less annoying. It gives users a chance to absorb your main message before your references elaborate on it. As an example, if you need to keep the second and third references in the national park example above, you might write it this way:\n\n* #### Before\n\n  If you hold one of the vehicle entry passes listed in Section 18 for entry into a national park, you may camp in that park. But you may not sleep in a tent if the park has declared one of the animal danger levels described in paragraphs (c) through (h) of Section 51, and the campsite is not covered by an animal emergency plan as described in Section 52.\n\n* #### After\n\n  If you hold a daily, weekly, or annual vehicle entry pass for a national park, you may camp in that park. But you may not sleep in a tent if the park has declared an animal danger level and the campsite is not covered by an animal emergency plan. See paragraphs (c) through (h) of Section 51 for animal danger levels, and Section 52 for animal emergency plans.\n\n## Referring to another agency's regulations\n\nIf you want to require users to comply with certain requirements of another federal agency, which they would not otherwise have to do, you have to meet the requirements of the Office of the Federal Register (OFR). A federal agency may cross-reference the regulations of another federal agency only if the OFR finds that the reference meets one of the conditions specified in 1 CFR 21.21\\. You can find a discussion of these conditions in the OFR's _Drafting Legal Documents_ under Cross References.\n\n## Referring to other material in regulations\n\nA cross-reference to material that does not appear in the _Federal Register_ or the Code of Federal Regulations is called an "incorporation by reference" by the Office of the Federal Register. The OFR has very specific rules that agencies must follow to do incorporation by reference. You will find them in 1 CFR part 51 and Chapter 6 of the OFR's _Document Drafting Handbook_.\n\n## Avoid these situations\n\n### Multiple cross-references in one section\n\nMultiple cross-references make your user's head spin, and you will fail to deliver any useful information. Reorganize your material to eliminate the cross-references, or at least to keep them to no more than one in each section.\n\n### Unnecessary cross-references put in to ensure that your users don't miss something that applies to them\n\nYou won't know where to stop cross-referencing. You should presume that users will familiarize themselves with your document to see what applies to them. Make sure your table of contents and headings are informative enough that users can find everything they need.\n\n### Cross-referencing definitions\n\nAdding a cross-reference to a definition for the convenience of the audience may create a problem if you don't continue to repeat it every time you use the word.\n\nIf you say | Then you can't later just say\n--- | ----\na corporation as defined in Section 1 (when Section 1 clearly applies to your regulation and defines a corporation as having, for example, at least 50 employees) | a corporation (Some readers may think the 50-employee limit doesn't apply here.)\n\n### The "boomerang"\n\nRudolf Flesch (1979) named this particularly insidious cross-reference. It's a reference that refers to the section it's found in. It sends users on a futile hunt for another section of the same number, until they finally realize you are referring to the same section they were reading in the first place. If you mean "listed in paragraph (h) of this section" say it that way. The Office of the Federal Register's _Document Drafting Handbook_ tells you the proper way to refer to something in the same section of a regulation.\n\n### The "all-inclusive" cross-reference\n\nIt's no help to your audience to say something like "As a permittee, you must comply with sections 542.6 and 543.10, and all other applicable laws and regulations." What exactly does the term "all other applicable laws and regulations" cover? Do you expect your reader to become a legal scholar and go out and research the answer to that question? This form of cross-reference reflects a lazy writer. And it's not likely to achieve much.\n\n### The never-ending story cross reference\n\nThis is the cross-reference that refers the reader to another section containing another cross-reference, which takes the reader to yet another section containing another cross-reference, and so on forever and ever. If you can't follow the web of references, why do you think your audience will?\n\n## Final thoughts\n\nWhether you use a cross-reference or repeat the material in the new location, you must remember to update the information if something in the cross-referenced material changes.\n\nThere is no hard and fast rule about when it's reasonable to use a cross-reference. It depends on the purpose of the cross reference and the bulk of the material referenced. The bottom line is that you should minimize them to the extent possible.\n	
gov-08	government	_pages/guidelines/design/highlight-important-concepts.md	md	Adding [lists]() and [useful headings]() is a great way to emphasize important information in your writing.\n\nYou can also add **bold** and _italics_ to emphasize important concepts within a particular section. While it is difficult to use visual emphasis in regulations, it helps bring out important information in other writing. Only emphasize important information, otherwise you'll dilute its impact.\n\nPUTTING EVERYTHING IN CAPITAL LETTERS IS NOT A GOOD EMPHASIS TECHNIQUE. ALTHOUGH IT MAY DRAW THE USER'S ATTENTION TO THE SECTION, IT MAKES IT HARDER TO READ. AND ONLINE, IT'S CONSIDERED SHOUTING.\n\nSimilarly, underlining will draw the user's attention to the section, but it makes it hard to read.\n\nBesides, when reading online, people expect underlined text to be a link. It's better to use **bold** and _italics_ for important issues.\n	
gov-09	government	_pages/guidelines/test/paraphrase-testing.md	md	One-on-one paraphrase testing sessions work best for short documents, web pages, and survey questions.\n\nParaphrase testing will tell you what a reader thinks a piece of writing means and will help you know if they're interpreting the message as you intended.\n\n## Conduct between 6 to 9 interviews\n\nAsk the participant to read to a specific stopping point, known as a cue. Each time the participant reaches a cue, ask the participant to tell you in his or her own words what that section means. Take notes, writing down the participant's explanation in the participant's words. Do not correct the participant. When you review your notes later, wherever participants misunderstood the message, the document has a problem that you should fix.\n\n## Ask additional, open-ended questions\n\n- What would you do if you got this document?\n- What do you think the writer was trying to do with this document?\n- Thinking of other people you know who might get this document:\n\n  - What about the document might work well for them?\n  - What about the document might cause them problems?\n\nThis last question is important because sometimes people are more comfortable telling you what they think others might find confusing, rather than admitting that they don't understand something themselves.\n\n## Avoid yes or no questions\n\nYou won't get much usable information from that type of question.\n\nWith only 6 to 9 participants, paraphrase testing will not take a lot of time, and the time invested is worth it. Taking the time to test your document and change it based on what you learn may save you hundreds of hours later answering questions from your users or producing a second document clarifying the first one.\n\nFor longer documents where finding information is also important do [usability testing](). Usability testing is the best technique for booklets, regulations, and web sites. With usability testing, you test the document as a whole, not just individual paragraphs.\n\n## Example\n\n### Paraphrase testing from the Veterans Benefits Administration\n\nVeterans Benefits Administration refers to paraphrase testing as protocol testing. \n\n#### The information was so general that it would have generated calls:\n\nVeterans Benefits Administration tested a letter in which users appeared to understand every word. However, when asked what they would do if they got this letter, most people said they would call VBA's toll-free number.\n\nThe letter was about a replacement check sent because the original check was out of date. The letter said, "You will receive the new check shortly." Readers indicated that they would call if they didn't receive the check at the same time as the letter. Changing the sentence to show an approximate date they would receive the check eliminated countless phone calls.\n\n#### A "term of art" that VBA thought veterans understand would have caused readers to take the wrong action:\n\nWhen testing a multi-use letter, some readers were confused by the term "service-connected disability." To VBA it means that a veteran has a disability that can be traced back to time in military service." Protocol tests showed that one veteran thought it meant a disability that happened at work. Another thought it meant you had to be injured while in the military, but not necessarily while on duty. Another thought you had to have gotten the disability during combat for it to be considered service-connected.\n\nWhen each reader was asked a general question about understanding the letter, they all said that it was clear. Yet several would have done something other than what VBA wanted because they had a different definition of "service-connected." To solve this problem, VBA explained the phrase so that everyone was working from the same definition.\n\n#### Adding a word to make something more legally sufficient would have caused readers to give incorrect information:\n\nA team working on a form wanted to use the question, "When were you last (gainfully) employed?" They felt that the term "gainfully employed" would gather more legally sufficient and accurate information than just the word "employed."\n\nTesting showed that readers used at least three different definitions of "gainful" employment:\n\n- Any job\n- A job that provides benefits or where you can put money away\n- A job that keeps you above poverty level\n\nIn fact, research showed that different government agencies may have different definitions of "gainful." But, more importantly, because each reader had a different definition of the word, the agency would have gotten less accurate information if the word had been in the document.\n\nRemember, the goal of testing is to ensure that your audience understands your document, and therefore, won't have to call you for an explanation. Although this technique is very valuable, it probably isn't worth the time to test documents that go to a small number of people.\n	
gov-10	government	_pages/guidelines/test/usability-testing.md	md	One-on-one usability testing sessions work best when the participant uses your website or document to find and understand information.\n\nUsability testing is the best technique when people have to find information before understanding it.\n\n## When to test\n\nYou can conduct usability testing at any time that you have a draft. After you make changes based on the first round of usability testing, you can conduct a second round to see if your changes solved the problems you found without introducing new problems.\n\n## Who to test with\n\nYou need to find three people to test your website or document.\n\nIdentify who your intended readers are. For example, individuals searching for medical information; taxpayers and tax professionals looking for forms; travelers wanting a passport.\n\nDevelop simple criteria and find three people who match them. For example, for travelers, the criteria might be: Adult U.S. citizens who haven't applied for or renewed a passport lately. The criteria don't need to be complicated.\n\nUsing your network of colleagues, friends, and family, find three people who, more or less, meet the criteria and will give you an hour of their time. Don't use members of your own team, but employees from a different team down the hall may be fine.\n\nYou're not required to get any special permission to do a usability test with only three people. Set aside a morning to conduct your test, and give each of the volunteers an appointment, one hour apart from each other.\n\n## Session overview\n\nA typical usability test session lasts about one hour with these parts:\n\n### Introduction\n\nYou make the participant comfortable, explain what will happen, and ask a few questions about the person to understand their relevant experience.\n\n### Scenarios\n\nYou give the participant very short stories suggesting they have a need for specific information and then you watch and listen as they find that information and tell you what they understand from what they found. An example of a scenario for the FAA web site might be:\n\n  > _You have a private pilot's license and you just moved to a new city. Find out if you need to tell FAA about your new address. If you do, find out how to do that._\n\nYou can also ask participants for their own scenarios. What would they come to the document you are testing to find out? Then watch and listen as they look for and try to understand the information.\n\nTypically, you ask people to "think aloud" as they work so you hear their words for what they are looking for and you hear how they understand what they find.\n\n### Debriefing\n\nAt the end, you can ask neutral questions about the experience and follow up about any specific words or phrases.\n\n## Testing variations\n\nVariations on the one-on-one usability test:\n\n- **Two people working together** (co-discovery). Their discussion is an easy form of think aloud.\n- **Several people working independently** at the same time followed by a group discussion. This speeds up the time you spend in usability test sessions, but it only works if you have several usability test note-takers so you have someone watching and listening to each participant before you bring all the participants together for the discussion.\n- **Comparative usability tests**. You can include different versions of your document. Because you have a small number of people, it is best to have each person work with both versions. You have to alternate which version people start with. (See [Controlled Comparative Studies]())\n- **Remote moderated usability testing**. With web-based tools, you do not have to be in the same place as the participant. These tools allow you to draw participants from a wide geographic range without travel costs.\n- **Remote unmoderated usability testing**. You can have large numbers of people participate through remote testing tools. (For federal agencies, this may require clearance through OMB.)\n\n## Example\n\n### Usability testing from the National Cancer Institute\n\n#### The information was good, but the title confused people.\n\nA team at the National Cancer Institute tested a brochure on skin cancer prevention. They wanted to make sure that the information, title, and design images worked together well. One of the important messages was that even people with dark skin can get skin cancer. People understood the information in the brochure, but said that the title, "People of Color Get Skin Cancer, Too," made them think it was only for African-Americans.\n\nThe team changed the title to "Anyone Can Get Skin Cancer" (along with some other changes from the usability test recommendations) and tested it again. This time, when people were asked who the information in the brochure was for, they correctly identified many different people. More importantly, they all said that the information was "for them," too.\n\nThe team included both plain language experts and medical subject matter experts. This case study illustrates three points:\n\n- Plain language experts test their work.\n- Even a small change can make a big difference in the success of the project.\n- Retesting after you make a change is important. The second test may validate your decisions; it may also suggest additional changes.\n\n## Resources\n\nAlmost anyone can conduct a simple usability test and fix problems that you see users encounter. Use these resources to learn more.\n\n### Online\n\nSeveral of these groups host local events and annual conferences.\n\n- [usability.gov](http://www.usability.gov)\n- [Nielsen Norman Group](https://www.nngroup.com/)\n- [Usability Body of Knowledge](http://www.usabilitybok.org/usability-testing)\n- [Usability Professionals' Association](http://uxpa.org/)\n- [User Interface Engineering](https://www.uie.com/)\n- [18F Method Cards: Usability](https://methods.18f.gov/validate/usability-testing/)\n\n### Books\n\n- Barnum, Carol, _Usability Testing Essentials: Ready, Set...Test!_, Morgan-Kaufmann/Elsevier, 2011\n\n- Chisnell, Dana, and Rubin, Jeff. _The Handbook of Usability Testing_, 2nd edition, Wiley, May 2008.\n\n- Krug, Steve. _Rocket Surgery Made Easy_, New Riders, 2009.\n	
